t,intensity
0,12.000613913445427
1,12.00067241578552
2,12.00064352574103
3,12.000648581498815
4,12.000641358987693
5,12.000657970763275
6,12.000660137516611
7,12.000647859247703
8,12.000637747732132
9,12.000596579418731
10,12.00061463569654
11,48.44027344427111
12,48.44093358178772
13,48.44558704570405
14,48.44809109031028
15,48.45839472467787
16,48.447376783960244
17,48.45172329115387
18,48.44931675044779
19,48.445678049344195
20,48.447654128387356
21,48.446626365054605
22,48.445680938348644
23,48.4505120760386
24,48.44805208875022
25,48.44868044721789
26,48.44484023805396
27,48.450919425665916
28,48.450004333506676
29,48.45574550759808
30,48.453918212284044
31,48.45168284509158
32,48.45322123996071
33,48.4532739642919
34,48.45333680013867
35,48.45110865545733
36,48.45221225515687
37,48.45156367365806
38,48.450405905125095
39,48.45450179118276
40,48.457442797711906
41,48.45291789449356
42,48.45944921130179
43,48.45650748252152
44,48.45706433812908
45,48.4530262321604
46,48.447992141907896
47,48.4513484428266
48,48.44993355289767
49,48.44584633385335
50,48.45243904200613
51,48.44842260357081
52,48.44730889235569
53,48.446364910151964
54,48.44937741954123
55,48.45150372681574
56,48.4544981799272
57,48.45299373086034
58,48.457741087421276
59,48.450861645576936
60,48.45104943086612
61,48.451983301554286
62,48.45203530363437
63,48.45395865834633
64,48.44954570405039
65,48.45494958687237
66,48.44691959900618
67,48.452502600104005
68,48.44730744785347
69,48.449752990119606
70,48.44996677644883
71,48.45190890968972
72,48.45262538279309
73,48.45117799156411
74,48.44916724446755
75,48.44904373952736
76,48.44883789796036
77,48.44751762292714
78,48.44710593979315
79,48.44917735598313
80,48.45183307332293
81,48.44960781764604
82,48.444221268850754
83,48.45138816663778
84,48.448160426417054
85,48.449178800485356
86,48.451011151557175
87,48.45216025307679
88,48.456486537239265
89,48.450135783209106
90,48.45195007800312
91,48.45131594152655
92,48.44637357716531
93,48.450259288149304
94,48.4511361009996
95,48.44839949153522
96,48.447287224822325
97,48.449826659733056
98,48.44712327381984
99,48.449485757208066
100,48.4521429190501
101,48.44666031085688
102,48.445591379210725
103,48.446401744958685
104,48.44592505922459
105,48.44535231409257
106,48.44800369792569
107,48.447848413936555
108,48.44450800254232
109,48.44655702894782
110,48.44472034436933
111,48.44898234818282
112,48.44779424510314
113,48.444006038019296
114,48.445232420407926
115,48.443969203212575
116,48.45212052926561
117,48.445504709077255
118,48.44918385624314
119,48.44703371468192
120,48.44604206390478
121,48.44661553128792
122,48.445358092101465
123,48.44766135089848
124,48.44925897035881
125,48.44969015427284
126,48.45317790489398
127,48.447006991390765
128,48.451071820650604
129,48.44882634194256
130,48.44740206274918
131,48.45413416536662
132,48.45017695152251
133,48.4507771421968
134,48.448754839082454
135,48.452280146761424
136,48.447703963714105
137,48.451292107239844
138,48.4459077251979
139,48.44787585947882
140,48.45290778297799
141,48.45246504304617
142,48.4527734442711
143,48.4492994164211
144,48.45418327844225
145,48.45186124111631
146,48.44751978968048
147,48.450584301149824
148,48.450392904605074
149,48.45012856069798
150,48.449134743167505
151,48.453222684462936
152,48.44817126018374
153,48.450728751372274
154,48.44750245565378
155,48.44810120182585
156,48.448524440977636
157,48.44724677876004
158,48.453505806898946
159,48.452308314554806
160,48.45129282949096
161,48.45132966429768
162,48.44874472756688
163,48.447111717802045
164,48.45008016987346
165,48.45150517131796
166,48.454893251285604
167,48.453472583347775
168,48.453487750621136
169,48.45236031663489
170,48.44567299358641
171,48.45035968105391
172,48.4491874674987
173,48.44934347373895
174,48.45269760790432
175,48.448320043912865
176,48.45005922459121
177,48.44574738545097
178,48.44957892760155
179,48.44637141041197
180,48.442921216848674
181,48.44706549373086
182,48.44667836713469
183,48.448647223666725
184,48.44814020338591
185,48.45166840006934
186,48.451659010804875
187,48.44992849713989
188,48.45016250650026
189,48.44800586467903
190,48.44865300167562
191,48.453270353036345
192,48.45423166926677
193,48.451200381348585
194,48.449727711330674
195,48.451752903449474
196,48.44950598023921
197,48.45626119489224
198,48.452719997688796
199,48.454197723464496
200,48.45124082741087
201,48.44959192812157
202,48.450185618535855
203,48.449726989079565
204,48.450036834806724
205,48.449648263708326
206,48.44564049228636
207,48.445547321892874
208,48.44756384699832
209,48.44952692552147
210,48.45024989888484
211,48.453645201363614
212,48.455427717108684
213,48.449535592534815
214,48.4557404518403
215,48.453134569827235
216,48.45312951406945
217,48.44693909978621
218,48.44774368752528
219,48.44636635465419
220,48.444221268850754
221,48.44986710579534
222,48.448780840122495
223,48.448927457098286
224,48.45333391113422
225,48.445460651759404
226,48.44969232102618
227,48.456208470561045
228,48.453713815219274
229,48.45741246316519
230,48.455283266886234
231,48.45178540474952
232,48.45479213612989
233,48.4543154503958
234,48.45475241231871
235,48.45380192985497
236,48.45039507135841
237,48.446687034148034
238,48.453931212804065
239,48.45147483677125
240,48.4560293522852
241,48.458643179060495
242,48.454306061131334
243,48.456441757670305
244,48.453401802738775
245,48.4535029178945
246,48.45641864563471
247,48.45898263708326
248,48.453265297278556
249,48.45454873750506
250,48.450327179753856
251,48.45378242907494
252,48.458008320332816
253,48.45974533425782
254,48.46049503091235
255,48.457507800312015
256,48.46041269428555
257,48.458144825793035
258,48.45577511989369
259,48.457707141619
260,48.456740047379675
261,48.456929277171085
262,48.45257988097302
263,48.453878488472874
264,48.454420899058185
265,48.45337724620096
266,48.45520309701277
267,48.45809715721962
268,48.459382041948345
269,48.46000678916045
270,48.45565883746461
271,48.45566389322239
272,48.45402366094644
273,48.46083810019068
274,48.45443101057376
275,48.454845582712196
276,48.45343791529439
277,48.451692956607154
278,48.45709250592246
279,48.458216328653144
280,48.454020049690875
281,48.45754535736985
282,48.457392962385164
283,48.45600479574738
284,48.45453429248281
285,48.452293147281445
286,48.45305439995378
287,48.45809137921072
288,48.45554111053331
289,48.458210550644246
290,48.46037585947882
291,48.460197463454094
292,48.45530565667071
293,48.459948286820364
294,48.45607340960305
295,48.45687005257988
296,48.458678569365
297,48.45397165886636
298,48.45732073727393
299,48.4557996764315
300,48.45741751892298
301,48.459350262899406
302,48.46014546137401
303,48.45865401282718
304,48.457801756514705
305,48.45689027561102
306,48.458632345293815
307,48.46021913098746
308,48.460385970994395
309,48.46096954989311
310,48.463242474143414
311,48.461318397180335
312,48.45953443693303
313,48.46054197723465
314,48.45992373028255
315,48.46173730282545
316,48.462731842607035
317,48.45578595366037
318,48.45024556537817
319,48.44857210955105
320,48.4543277286647
321,48.45729979199168
322,48.45594195990062
323,48.45382431963945
324,48.456207748309936
325,48.45444256659155
326,48.45310423528052
327,48.45488819552782
328,48.455133760905994
329,48.45662087594615
330,48.45159689720922
331,48.45538365979083
332,48.4563059744612
333,48.451834517825155
334,48.448542497255445
335,48.454625296122956
336,48.454145721384414
337,48.459096752759
338,48.45379615184607
339,48.45579534292483
340,48.45509331484371
341,48.456551539839374
342,48.45625397238112
343,48.45728390246721
344,48.45853339689143
345,48.45513014965043
346,48.45667071127289
347,48.454696076731956
348,48.45470041023863
349,48.45469463222973
350,48.45627563991449
351,48.45825171895765
352,48.4601981857052
353,48.461195614491245
354,48.45723117813601
355,48.4578248685503
356,48.457605304212166
357,48.45507236956145
358,48.45798881955278
359,48.45580112093373
360,48.45279294505114
361,48.45427789333795
362,48.44962154041717
363,48.45097865025712
364,48.44834387819957
365,48.44463367423586
366,48.44943519963021
367,48.44825576356388
368,48.44835543421737
369,48.452397873692725
370,48.455865401282715
371,48.45753596810539
372,48.4547986363899
373,48.45505648003698
374,48.457531634598716
375,48.45267377361761
376,48.45254087941296
377,48.45514892817935
378,48.453199572427344
379,48.455057924539204
380,48.453307187843066
381,48.45557072282892
382,48.45524065407061
383,48.45664687698619
384,48.462278268908534
385,48.4596976656844
386,48.45762986074998
387,48.4621822095106
388,48.460500808921246
389,48.46096810539088
390,48.455553388802215
391,48.45690110937771
392,48.45695455596002
393,48.45646125845034
394,48.457833535563644
395,48.45903319466112
396,48.45907725197897
397,48.46183408447449
398,48.4589790258277
399,48.46142601259606
400,48.45659198590166
401,48.456798549719764
402,48.451672011324895
403,48.45453790373837
404,48.452088750216674
405,48.454126942855495
406,48.45252210088403
407,48.45130149650431
408,48.45310423528052
409,48.450510631536375
410,48.444768735193854
411,48.446317241578555
412,48.44719911018663
413,48.45036040330502
414,48.4469614895707
415,48.45112093372624
416,48.44850710695094
417,48.44931530594557
418,48.44756095799387
419,48.44846593863755
420,48.440612180042756
421,48.4466733113769
422,48.44962948517941
423,48.44675925925926
424,48.450578523140926
425,48.44829693187727
426,48.44923080256544
427,48.44649130409661
428,48.44260053735483
429,48.449009071473974
430,48.44818137169931
431,48.4471622753799
432,48.443982203732595
433,48.44550832033281
434,48.448453660368635
435,48.44148393713526
436,48.44209785058069
437,48.446640087825735
438,48.442315248165485
439,48.43895750274456
440,48.44224663430982
441,48.44309527936673
442,48.4382359738834
443,48.439291182758424
444,48.4449774657653
445,48.44139510024846
446,48.442268301843185
447,48.43913589876929
448,48.43684130698561
449,48.4326248049922
450,48.436345120471486
451,48.43921390188941
452,48.43994554226614
453,48.439404576183044
454,48.43514329462067
455,48.440260443751086
456,48.43786690356503
457,48.43797162997631
458,48.43711937366383
459,48.43662102039637
460,48.434490379615184
461,48.43393496850985
462,48.42438825330791
463,48.43108641012307
464,48.435488530652336
465,48.432821257294734
466,48.43319899462645
467,48.4333138325533
468,48.43585760097071
469,48.435287022592014
470,48.43939735367192
471,48.4377708441671
472,48.43193866643555
473,48.43414225457907
474,48.43295559600162
475,48.43692942162131
476,48.43350739585139
477,48.43748772173109
478,48.43327121973768
479,48.42753293465072
480,48.43179999422199
481,48.42915294389553
482,48.42859392153464
483,48.425273010920435
484,48.428315132605306
485,48.42829779857861
486,48.42347099439533
487,48.42236522794245
488,48.422719853238576
489,48.42784855838678
490,48.42501950078003
491,48.428121569307216
492,48.42534018027388
493,48.43083289998267
494,48.43160065291501
495,48.432820535043625
496,48.428242185242965
497,48.430637169931245
498,48.42912333159993
499,48.43086684578494
500,48.42145880279656
501,48.42553879932975
502,48.42689085341191
503,48.421271017507365
504,48.42479632518634
505,48.43069856127578
506,48.42701435835211
507,48.42979502513434
508,48.423208094990464
509,48.42264329462068
510,48.4240812965852
511,48.42117062460276
512,48.42512206043797
513,48.4287802623216
514,48.42304919974577
515,48.42334893395736
516,48.419176489281796
517,48.422788467094236
518,48.42189287571503
519,48.41502210088404
520,48.415693794418445
521,48.41875108337667
522,48.41611125556133
523,48.41825056335587
524,48.412291991679666
525,48.4118167504478
526,48.40857023169816
527,48.40915669960132
528,48.40743124169411
529,48.40632691974346
530,48.41048491939677
531,48.407496244294215
532,48.40611963367424
533,48.40766525105449
534,48.40441295429595
535,48.40436817472699
536,48.3994994799792
537,48.401133211995145
538,48.40137877737332
539,48.39715649737101
540,48.39855549777547
541,48.39692537701508
542,48.399406309585714
543,48.39771985323858
544,48.39187034148033
545,48.40117943606633
546,48.399743600855146
547,48.39389625585024
548,48.39785346969434
549,48.399481423701395
550,48.39182050615358
551,48.38897628127347
552,48.39386736580575
553,48.39541081643266
554,48.39334301149824
555,48.39145360258855
556,48.392985497197664
557,48.394918963425205
558,48.39489946264517
559,48.39579072051771
560,48.39725327902005
561,48.39283382446409
562,48.39703732593748
563,48.39257742531923
564,48.39849338417981
565,48.39193895533599
566,48.39331195470041
567,48.395351591841454
568,48.38887516611776
569,48.38528413358757
570,48.383492950829144
571,48.38259808170105
572,48.39032400184896
573,48.3893901311608
574,48.38502990119605
575,48.38294042872826
576,48.38687741954123
577,48.38687958629456
578,48.382659473045585
579,48.38078595366037
580,48.3815002600104
581,48.37692841046975
582,48.36829317617149
583,48.372593459293924
584,48.37298564164789
585,48.37432758421448
586,48.3685705205986
587,48.36629470734385
588,48.37246056508927
589,48.36773993181949
590,48.37067010458196
591,48.373245652048304
592,48.37004391286762
593,48.37412679840527
594,48.37151369388109
595,48.368795140694516
596,48.36968712081816
597,48.36612931183914
598,48.36677067082683
599,48.36419729011383
600,48.363942335471194
601,48.365031490148496
602,48.36034263592766
603,48.36314424799214
604,48.35766958456116
605,48.36248049921997
606,48.35701883630901
607,48.35457257179176
608,48.35577439764257
609,48.3556819495002
610,48.35367192465476
611,48.3555642225689
612,48.35150083781129
613,48.352530767897385
614,48.356781937944184
615,48.34913835442307
616,48.3532970763275
617,48.355434217368696
618,48.35683610677761
619,48.35005416883342
620,48.344005315768186
621,48.33590815854856
622,48.33751950078003
623,48.33456404922864
624,48.34081657710753
625,48.336374010515975
626,48.33603671924655
627,48.33385985439418
628,48.33773906511816
629,48.337734731611484
630,48.33857976541284
631,48.3372349338418
632,48.33467022014214
633,48.33189533136881
634,48.336214393020164
635,48.33834142254579
636,48.3306407811868
637,48.328091957011615
638,48.33057866759115
639,48.33234168255619
640,48.33177543768417
641,48.33728476916855
642,48.33384685387416
643,48.335833766684
644,48.32936239671809
645,48.32998281042353
646,48.33108063211417
647,48.31924004737967
648,48.32613393424626
649,48.326866296874094
650,48.32884815392616
651,48.32322109551049
652,48.32042309470157
653,48.32324998555498
654,48.32411740914081
655,48.328178627145085
656,48.324958109435485
657,48.321375021667535
658,48.322811579129834
659,48.32656006240249
660,48.319708066100425
661,48.317679984977175
662,48.313594210435085
663,48.31475342347027
664,48.31485670537933
665,48.316560495753166
666,48.3123822730687
667,48.313751661177555
668,48.31516293985093
669,48.31683639567805
670,48.318256341364766
671,48.317178742705266
672,48.31587219044317
673,48.314834315594844
674,48.31546989657364
675,48.31574651874964
676,48.311851418501185
677,48.30637603281909
678,48.302167475587915
679,48.302072860692206
680,48.3029792858381
681,48.30054096608309
682,48.300977928006006
683,48.292017680707225
684,48.295756774715436
685,48.29277387762177
686,48.29874689432022
687,48.302076471947764
688,48.308175160339744
689,48.309089530247874
690,48.311534350262896
691,48.31208326110822
692,48.31006890275611
693,48.31061059109031
694,48.30508248107702
695,48.30971644421332
696,48.30533237996187
697,48.310124516091754
698,48.31046686311897
699,48.30440717628705
700,48.30209091697001
701,48.3016250650026
702,48.30605607557636
703,48.30586179002716
704,48.30923759172589
705,48.30529626740625
706,48.30287672618016
707,48.29940125382793
708,48.2987692841047
709,48.300202230311434
710,48.300453573698505
711,48.290911192003236
712,48.292798434159586
713,48.29502368983648
714,48.29575099670654
715,48.295081469925464
716,48.29571849540648
717,48.29743600855145
718,48.295324868550296
719,48.29519197434564
720,48.29297755243543
721,48.29225096781649
722,48.287502166753335
723,48.28962269601895
724,48.289993933090656
725,48.28800990928526
726,48.295431761714916
727,48.294771624198304
728,48.29390564511469
729,48.29087869070318
730,48.289021783093546
731,48.293750361125554
732,48.290264055006645
733,48.282655861790026
734,48.29125787253712
735,48.28815002600104
736,48.29234919396776
737,48.28791962789623
738,48.291886231004796
739,48.29410859767724
740,48.294026983301556
741,48.29255575778587
742,48.291168313399204
743,48.29114303461027
744,48.293582076616396
745,48.29434694054429
746,48.288878055122204
747,48.288511151557174
748,48.291563384757616
749,48.29401253827931
750,48.286734413820994
751,48.28848659501936
752,48.287093372623794
753,48.29074074074074
754,48.29378791818339
755,48.292729820303926
756,48.291781504593516
757,48.288180360547756
758,48.285892269024096
759,48.28410325301901
760,48.28663618766973
761,48.285861212226266
762,48.28771739758479
763,48.28823236262784
764,48.28556581152135
765,48.28868521407523
766,48.286068498295485
767,48.28509490379615
768,48.28511584907841
769,48.28547697463454
770,48.28638773328711
771,48.28183755127983
772,48.279558126769516
773,48.27930100537355
774,48.282645028023346
775,48.280832177731554
776,48.27816996013174
777,48.27527445542266
778,48.27550485352747
779,48.27295169584561
780,48.275115560177966
781,48.27768244063096
782,48.277298925290346
783,48.271850262899406
784,48.27727509100364
785,48.273494106430924
786,48.27386245449818
787,48.27440197607904
788,48.26590974750101
789,48.27119373663835
790,48.26668688969781
791,48.26703429248281
792,48.27128907378518
793,48.26686239671809
794,48.26951161379789
795,48.27169497891027
796,48.268999537759285
797,48.26565695961172
798,48.26687973074478
799,48.26658794129543
800,48.25689822037326
801,48.26416334431155
802,48.26440385393194
803,48.25918053388802
804,48.264200901369385
805,48.25811087999075
806,48.25651037152597
807,48.256115300167565
808,48.255384382041946
809,48.2525083781129
810,48.25239787369273
811,48.2484984399376
812,48.24692393251286
813,48.237956462702954
814,48.233490061824696
815,48.23950641358988
816,48.235841711446234
817,48.232694141098975
818,48.23138542208355
819,48.23642095683827
820,48.231880886346566
821,48.23001458947247
822,48.23159704165944
823,48.23726671289074
824,48.232499855549776
825,48.23253307910094
826,48.23413358756572
827,48.231735713873
828,48.23329216501993
829,48.236061275784365
830,48.23357023169816
831,48.23265730629225
832,48.23182455075981
833,48.22454931530594
834,48.22288524874328
835,48.21797394117987
836,48.21245233142659
837,48.21048925290345
838,48.21192508811463
839,48.21000462240712
840,48.21176330386549
841,48.2075598023921
842,48.2068946091177
843,48.207555468885424
844,48.20458846131623
845,48.206782660195294
846,48.20463540763853
847,48.206740047379675
848,48.20996273184261
849,48.20543349511758
850,48.20961316230427
851,48.20086886808806
852,48.196173513607214
853,48.1938767550702
854,48.19463584098919
855,48.194223435604094
856,48.194925463685216
857,48.197570347258335
858,48.199074796325185
859,48.19335962327382
860,48.19175333680014
861,48.19138859998844
862,48.18957647194777
863,48.19050167562258
864,48.183984081585486
865,48.18570376148379
866,48.18586626798405
867,48.189448633500895
868,48.186706968278735
869,48.18786401456058
870,48.18648957069394
871,48.186122667128906
872,48.185630091870344
873,48.18429176055931
874,48.185501531172356
875,48.18160643092391
876,48.183098601721845
877,48.18455754896863
878,48.192443808863466
879,48.19053345467152
880,48.1883183105102
881,48.18721398855954
882,48.18719665453285
883,48.195754607962094
884,48.193125613913445
885,48.18740827410874
886,48.18829736522794
887,48.1931169469001
888,48.192577425319236
889,48.19054717744265
890,48.19037528167793
891,48.19447839024672
892,48.19831932166176
893,48.19949009071474
894,48.20734962731843
895,48.20678410469752
896,48.20777647772577
897,48.21136895475819
898,48.215360114404575
899,48.21346348298376
900,48.21155312879182
901,48.214597417230024
902,48.2155970127694
903,48.224577483099324
904,48.225491853007455
905,48.22387184376264
906,48.23026665511065
907,48.23167287802623
908,48.23152915005489
909,48.22802695441151
910,48.24220329924308
911,48.24010082625527
912,48.242083405558446
913,48.240977639105566
914,48.242160686427454
915,48.24252470098804
916,48.252213699659094
917,48.2529085052291
918,48.25631103021899
919,48.26186080776564
920,48.261118333622235
921,48.26289579360952
922,48.26175174784769
923,48.26365126827295
924,48.26808516785116
925,48.268647801467615
926,48.26891864563471
927,48.26511888253308
928,48.272527012191595
929,48.27672618015832
930,48.27937611948922
931,48.27671534639163
932,48.28937713064078
933,48.29205812676952
934,48.29033916912232
935,48.296299907551855
936,48.2936355231987
937,48.29166016640666
938,48.29516380655226
939,48.29552709886173
940,48.30708745016467
941,48.30503336800139
942,48.306345698272374
943,48.308069711677355
944,48.304232391517886
945,48.31066548217484
946,48.31007540301612
947,48.31690862078928
948,48.32343488183972
949,48.318625411683136
950,48.31677428208239
951,48.31841090310279
952,48.31914904373953
953,48.31659083029988
954,48.32280507886982
955,48.32342332582192
956,48.32910816432657
957,48.329971254405734
958,48.33574131854163
959,48.336593574854106
960,48.33647512567169
961,48.33662390940082
962,48.339578638701106
963,48.33653507251401
964,48.33513823886289
965,48.33202461431791
966,48.333357167620036
967,48.332361905587334
968,48.33573192927717
969,48.33292742820824
970,48.34198012364939
971,48.34205234876062
972,48.34013043855087
973,48.33328277575548
974,48.3409559715722
975,48.335488530652334
976,48.33448026809961
977,48.3321712312937
978,48.33906439590917
979,48.344614173455824
980,48.34215563066967
981,48.3366520771942
982,48.3426814294794
983,48.34773285375859
984,48.346298463049635
985,48.340703183682905
986,48.34589689143121
987,48.34739700699139
988,48.34600956260473
989,48.34159733055989
990,48.336459958398336
991,48.33251357832091
992,48.33564309239036
993,48.33558097879471
994,48.33715115271278
995,48.32670451262495
996,48.33106329808748
997,48.327562546946325
998,48.32589703588143
999,48.32423874732767
1000,48.32298925290345
1001,48.33023993181949
1002,48.326968134280925
1003,48.33061044664009
1004,48.331045241809676
1005,48.3302695441151
1006,48.33410036401456
1007,48.33388874443867
1008,48.33642962385162
1009,48.33078523140926
1010,48.33429753856821
1011,48.33048116369099
1012,48.328377968452074
1013,48.330915236609464
1014,48.332684029583405
1015,48.33022693129947
1016,48.32929306061131
1017,48.32903160570867
1018,48.33028976714624
1019,48.32832957762755
1020,48.33093618189172
1021,48.33489195123361
1022,48.337246489859595
1023,48.339909429710524
1024,48.344173600277344
1025,48.34049156410701
1026,48.34029511180447
1027,48.34099352863004
1028,48.34310755763564
1029,48.342590425839255
1030,48.343314121453744
1031,48.343512740509624
1032,48.34422126885075
1033,48.34630279655631
1034,48.34084041139423
1035,48.34113653435026
1036,48.33908823019588
1037,48.345334257814756
1038,48.3421397411452
1039,48.34592794822904
1040,48.34201045819611
1041,48.34582899982666
1042,48.34780652337204
1043,48.34066562662507
1044,48.3433877910672
1045,48.34197795689605
1046,48.34513997226556
1047,48.3460492864159
1048,48.34675348125036
1049,48.34927341538106
1050,48.352365372392676
1051,48.346367076905295
1052,48.356653377246204
1053,48.35673788062633
1054,48.36247183220662
1055,48.36182036170336
1056,48.355707228289134
1057,48.36143467960941
1058,48.35907436297452
1059,48.35687294158433
1060,48.36643554631074
1061,48.364651586063445
1062,48.365946582307735
1063,48.3653319466112
1064,48.362866903565035
1065,48.360440862078924
1066,48.35932859536604
1067,48.36460680649448
1068,48.365196885653205
1069,48.36912665395505
1070,48.36477147974808
1071,48.37175853700815
1072,48.367246634309815
1073,48.36930866123534
1074,48.36524816548217
1075,48.36793999537759
1076,48.37195137805512
1077,48.36911437568614
1078,48.3703718148726
1079,48.36847084994511
1080,48.36589024672098
1081,48.365215664182124
1082,48.36226526838851
1083,48.36387444386664
1084,48.37068166059976
1085,48.36649115964639
1086,48.37390940082048
1087,48.37081022129774
1088,48.36144334662276
1089,48.3680230542555
1090,48.368572687351936
1091,48.36507843647079
1092,48.365165828855375
1093,48.366790893857974
1094,48.36691439879817
1095,48.371368521407526
1096,48.36820650603802
1097,48.36652799445311
1098,48.364085341191426
1099,48.36867452475877
1100,48.364850927370426
1101,48.366475992373026
1102,48.368373346044955
1103,48.363954613740106
1104,48.364782313514766
1105,48.36138845553822
1106,48.35989628474028
1107,48.3580075980817
1108,48.36421101288496
1109,48.36406945166696
1110,48.364211735136074
1111,48.363734327150866
1112,48.367485699427974
1113,48.362760010400415
1114,48.36280984572716
1115,48.36507988097301
1116,48.36268561853585
1117,48.363776217715376
1118,48.36708557231178
1119,48.362332437741955
1120,48.36219737678396
1121,48.357065060380194
1122,48.36316663777662
1123,48.36987635060958
1124,48.37180259432599
1125,48.366554717744265
1126,48.35884252036748
1127,48.3614224013405
1128,48.36513332755533
1129,48.36494048650835
1130,48.36603180793898
1131,48.358419281215696
1132,48.36548145259144
1133,48.36309946842318
1134,48.35964855260877
1135,48.3627354538626
1136,48.36598197261224
1137,48.36127000635581
1138,48.362311492459696
1139,48.355951349165075
1140,48.352205754896865
1141,48.35612613393425
1142,48.353217628705146
1143,48.35468163170971
1144,48.35893424625874
1145,48.3551460391749
1146,48.35400054891085
1147,48.35672488010631
1148,48.36073481828162
1149,48.35648364823482
1150,48.357547524123184
1151,48.35664398798174
1152,48.35622436008551
1153,48.35272649794881
1154,48.358139047784135
1155,48.354722077772
1156,48.35839472467788
1157,48.355004477956896
1158,48.347947362338935
1159,48.349572427341535
1160,48.34434044028428
1161,48.35079303172127
1162,48.349517536257004
1163,48.349750101115156
1164,48.34851938521985
1165,48.348156815161495
1166,48.35411972034437
1167,48.35441150979373
1168,48.35143944646675
1169,48.34956303807708
1170,48.34711244005316
1171,48.34345496042064
1172,48.341571329519844
1173,48.35298000808921
1174,48.351262494944244
1175,48.345147917027795
1176,48.34574521869764
1177,48.35352025192119
1178,48.35414066562662
1179,48.35795704050384
1180,48.3596680533888
1181,48.35829794302883
1182,48.35927081527706
1183,48.362115040157164
1184,48.359234702721444
1185,48.363849887328826
1186,48.359638441093196
1187,48.36027185531866
1188,48.36614664586583
1189,48.36083448893511
1190,48.36475486797249
1191,48.36808227884671
1192,48.36269067429364
1193,48.36464075229676
1194,48.36733113768995
1195,48.36450424683654
1196,48.365624458311665
1197,48.37032559080141
1198,48.37964335240076
1199,48.381037297047435
1200,48.38064800369793
1201,48.37309470156584
1202,48.3772375339458
1203,48.38137603281909
1204,48.38092245912059
1205,48.38612844513781
1206,48.3744229213613
1207,48.37339371352632
1208,48.376270439706474
1209,48.3811882475299
1210,48.383371612642286
1211,48.38252080083203
1212,48.39006832495522
1213,48.383990581845495
1214,48.382161119778125
1215,48.39115386837696
1216,48.39386736580575
1217,48.39523242040793
1218,48.390311723580055
1219,48.38819263881666
1220,48.39066923788063
1221,48.398200150228234
1222,48.39963598543942
1223,48.40093820419484
1224,48.39606373143815
1225,48.396242849713985
1226,48.40212775177674
1227,48.3998114924597
1228,48.39869200323569
1229,48.39645591379211
1230,48.388230918125615
1231,48.39715144161322
1232,48.39538120413705
1233,48.396601808516785
1234,48.400765586179006
1235,48.39555671115733
1236,48.4011895475819
1237,48.39756168024499
1238,48.39418732304848
1239,48.398356878719596
1240,48.40328046455191
1241,48.395712717397586
1242,48.40091653666147
1243,48.40885985439417
1244,48.414221124400534
1245,48.41059109031028
1246,48.415371670422374
1247,48.408363667880046
1248,48.41118478072456
1249,48.409296816317095
1250,48.41076515282833
1251,48.41291457213844
1252,48.41889264459467
1253,48.420093748194375
1254,48.4175752585659
1255,48.419879239614026
1256,48.41916998902178
1257,48.41615386837696
1258,48.422602126307275
1259,48.42427847113885
1260,48.419438666435546
1261,48.4245760385971
1262,48.42636722135552
1263,48.426682845091584
1264,48.420463540763855
1265,48.421616975790144
1266,48.43152842780378
1267,48.43020598601722
1268,48.42230166984457
1269,48.42675434795169
1270,48.428284075807476
1271,48.41772909805281
1272,48.42668140058936
1273,48.43029554515514
1274,48.426253105679784
1275,48.43001820072803
1276,48.42542829490957
1277,48.42866181313919
1278,48.42477826890853
1279,48.418689692032125
1280,48.42664384353152
1281,48.428554197723464
1282,48.42814829259837
1283,48.426386722135554
1284,48.43580776564396
1285,48.442221355520886
1286,48.43870471485526
1287,48.4389957820535
1288,48.43247529901196
1289,48.423265875079444
1290,48.4280385104293
1291,48.431399867105796
1292,48.4278261686023
1293,48.428448749061076
1294,48.42924972554458
1295,48.42439764257237
1296,48.42202360316635
1297,48.41981207026059
1298,48.41655327324204
1299,48.41860735540533
1300,48.42380178540475
1301,48.42679407176287
1302,48.4202837002369
1303,48.424492257468074
1304,48.42289463800774
1305,48.41661033107991
1306,48.42503611255562
1307,48.41462630727451
1308,48.41099121742648
1309,48.408740682960655
1310,48.412297047437455
1311,48.418969925463685
1312,48.42011180447218
1313,48.41856257583637
1314,48.41487981741492
1315,48.403658924134746
1316,48.409493268619634
1317,48.40693361067776
1318,48.40775697694574
1319,48.40582278846709
1320,48.40752657884093
1321,48.3985453862599
1322,48.40833044432888
1323,48.41133356445369
1324,48.40632258623678
1325,48.40055541110533
1326,48.403211128445136
1327,48.4079722077772
1328,48.41044230658115
1329,48.41202186976368
1330,48.412447275668804
1331,48.4165626625065
1332,48.41554356618709
1333,48.41441829895418
1334,48.419328884266484
1335,48.41751964523026
1336,48.41685084070029
1337,48.42047581903276
1338,48.42780883457561
1339,48.42581686600797
1340,48.42638816663778
1341,48.429872306003354
1342,48.434508435892994
1343,48.43307043392847
1344,48.43293970647715
1345,48.44207401629399
1346,48.44430938348645
1347,48.44258681458369
1348,48.43906222915583
1349,48.439197290113825
1350,48.44785780320102
1351,48.44738328422026
1352,48.453278297798576
1353,48.45255026867741
1354,48.457254290171605
1355,48.46195542266135
1356,48.46216487548391
1357,48.47180837233489
1358,48.47732998208817
1359,48.478927601548506
1360,48.480495608713234
1361,48.475431906165134
1362,48.48000303345467
1363,48.48201955856012
1364,48.48686947477899
1365,48.48964219679898
1366,48.49202706997169
1367,48.490031490148496
1368,48.48989498468828
1369,48.48676835962328
1370,48.49171505749119
1371,48.49069885017623
1372,48.493069278326686
1373,48.4909682498411
1374,48.495878835153405
1375,48.494760068180504
1376,48.493412347605016
1377,48.489502802334314
1378,48.485911769804126
1379,48.49591928121569
1380,48.483784018027386
1381,48.48491217426475
1382,48.49173383602011
1383,48.49023010920437
1384,48.49864216790894
1385,48.50082119951465
1386,48.5054753856821
1387,48.496499971109955
1388,48.5009772057549
1389,48.49610778875599
1390,48.49784624718322
1391,48.49386231004796
1392,48.48794707343849
1393,48.48979531403479
1394,48.48454815970417
1395,48.48549503091235
1396,48.48202967007569
1397,48.48347056104466
1398,48.48212645172474
1399,48.48310076847518
1400,48.475668082278844
1401,48.477284480268096
1402,48.48355000866702
1403,48.479352285202516
1404,48.47396212515167
1405,48.47465404171722
1406,48.46624270526377
1407,48.467257468076504
1408,48.46324825215231
1409,48.46315797076328
1410,48.46100132894205
1411,48.4565002600104
1412,48.46683495117583
1413,48.46506182469521
1414,48.467058126769516
1415,48.46406656266251
1416,48.45534538048189
1417,48.462034148032586
1418,48.46494987577281
1419,48.46210709539493
1420,48.45501386722135
1421,48.446375021667535
1422,48.450937481943726
1423,48.45416594441556
1424,48.45292800600913
1425,48.45004044606229
1426,48.44657364072341
1427,48.44411509793725
1428,48.4442414918819
1429,48.45103209683943
1430,48.44730383659791
1431,48.44819798347489
1432,48.44681703934824
1433,48.44670942393251
1434,48.44439822037326
1435,48.44409920841278
1436,48.44719405442884
1437,48.443466516438434
1438,48.443243340844745
1439,48.44051900964927
1440,48.44757829202057
1441,48.45135494308661
1442,48.4535859767724
1443,48.46087999075519
1444,48.456992113017854
1445,48.453783873577166
1446,48.44866672444675
1447,48.4606864274571
1448,48.46140723406714
1449,48.45854639741145
1450,48.4667627260646
1451,48.46671144623563
1452,48.462747009880395
1453,48.468638412203155
1454,48.46544100652915
1455,48.46866152423875
1456,48.469923296931874
1457,48.4773848731727
1458,48.47220127693997
1459,48.477811723580054
1460,48.48125975039002
1461,48.478636534350265
1462,48.480185040734966
1463,48.47673990292945
1464,48.47955884902063
1465,48.48572687351938
1466,48.48141358987693
1467,48.49156121800428
1468,48.488854943086615
1469,48.49597706130467
1470,48.49610634425377
1471,48.49685026289941
1472,48.49727133529785
1473,48.49858005431329
1474,48.50551510949327
1475,48.50704989310684
1476,48.512263823886286
1477,48.513168082278845
1478,48.510044346218294
1479,48.50675160339747
1480,48.49762812734732
1481,48.502672329115384
1482,48.51243788640434
1483,48.516551106488706
1484,48.518021609753276
1485,48.51922632460854
1486,48.51722424452534
1487,48.52098645056913
1488,48.51964595250477
1489,48.5165742185243
1490,48.51879947420119
1491,48.508869965909746
1492,48.5123822730687
1493,48.508371612642286
1494,48.50618969203212
1495,48.50825244120876
1496,48.515034379152944
1497,48.515102270757495
1498,48.513333477783554
1499,48.51094643785751
1500,48.520466429768305
1501,48.517911105333106
1502,48.51141373432715
1503,48.513351534061364
1504,48.51716140867857
1505,48.52142774599873
1506,48.52219622118218
1507,48.521182180620556
1508,48.526601952967006
1509,48.52584070029468
1510,48.53271436413012
1511,48.54245608713237
1512,48.54390420061247
1513,48.54084691165424
1514,48.54050962038482
1515,48.538222251112266
1516,48.53900228231351
1517,48.54448489050673
1518,48.54737822846247
1519,48.5494937019703
1520,48.54686976367944
1521,48.550419627896225
1522,48.549979776968854
1523,48.55372320448374
1524,48.55300239787369
1525,48.561544461778475
1526,48.562784566938234
1527,48.5615459062807
1528,48.57053576587508
1529,48.57574247414341
1530,48.57760154850639
1531,48.576082654417284
1532,48.57667851158491
1533,48.58122724908996
1534,48.583613566764896
1535,48.58738877332871
1536,48.58660368636968
1537,48.5862931183914
1538,48.59394681342809
1539,48.60051640954527
1540,48.60376292829491
1541,48.60706144912463
1542,48.61519110764431
1543,48.61719679898307
1544,48.62623360489975
1545,48.623373490495176
1546,48.624364419021205
1547,48.62010674871439
1548,48.62038625989484
1549,48.62272563124747
1550,48.62387906627376
1551,48.62702880337436
1552,48.62778427803779
1553,48.62927644883573
1554,48.637185098515054
1555,48.63819769457445
1556,48.64043378401803
1557,48.64004810192408
1558,48.642588981337035
1559,48.63835586756804
1560,48.63887949962443
1561,48.63941974345641
1562,48.63392196798983
1563,48.63209900618247
1564,48.63281620153695
1565,48.629867972496676
1566,48.62782833535564
1567,48.63017348471717
1568,48.63078089790258
1569,48.629862916738894
1570,48.6231098688392
1571,48.61882836424568
1572,48.616673166926674
1573,48.61566129311839
1574,48.6212081816606
1575,48.619531836829026
1576,48.61807288958225
1577,48.61786849251748
1578,48.61022201999191
1579,48.60904547293003
1580,48.59744539781591
1581,48.59800153117236
1582,48.58664918818975
1583,48.59117842491477
1584,48.5900964927486
1585,48.58819336106777
1586,48.58932296180736
1587,48.58109435488531
1588,48.58385479863639
1589,48.5773256485815
1590,48.571949211301785
1591,48.565617958051654
1592,48.56042930606113
1593,48.55930981683712
1594,48.553110735540535
1595,48.549979776968854
1596,48.53518879644075
1597,48.531919165655516
1598,48.529269948575724
1599,48.52444603339689
1600,48.52206910498642
1601,48.51895186918588
1602,48.51107860981106
1603,48.51043797307448
1604,48.509726555728896
1605,48.500192841046974
1606,48.49535086959034
1607,48.49820376148379
1608,48.496085398971516
1609,48.49855116426879
1610,48.49023733171549
1611,48.48378112902294
1612,48.47905471774426
1613,48.470588490206275
1614,48.474469867683595
1615,48.47506789160455
1616,48.4674813659213
1617,48.462953573698506
1618,48.4618701970301
1619,48.454334951175824
1620,48.454040994973134
1621,48.451661177558215
1622,48.444781735713875
1623,48.44234919396776
1624,48.441825561911365
1625,48.44105853123014
1626,48.437867625816146
1627,48.440926359276595
1628,48.44323106257583
1629,48.44103325244121
1630,48.438193361067775
1631,48.43685286300341
1632,48.42646905876235
1633,48.42794100652915
1634,48.431861385566535
1635,48.43015831744381
1636,48.42985497197666
1637,48.43455393771306
1638,48.43339905818455
1639,48.43657479632519
1640,48.43558459005027
1641,48.442108684347374
1642,48.450224620095916
1643,48.44861977812446
1644,48.45002455653782
1645,48.45447362338938
1646,48.455393771306404
1647,48.4564475356792
1648,48.454027994453114
1649,48.46137834402265
1650,48.46665149939331
1651,48.47483749349974
1652,48.48187583058878
1653,48.48183177327093
1654,48.48463988559542
1655,48.48890044490668
1656,48.49548809730167
1657,48.49960420639048
1658,48.50403810596868
1659,48.49915857745421
1660,48.50312445831167
1661,48.503984659386376
1662,48.504779135609866
1663,48.51287629282949
1664,48.52497255445773
1665,48.52716241983013
1666,48.5281620153695
1667,48.53337089039117
1668,48.53615444617785
1669,48.5412152597215
1670,48.54655197319004
1671,48.54648624833882
1672,48.5427991564107
1673,48.551559340151385
1674,48.56426157046282
1675,48.565546455191544
1676,48.568169671231296
1677,48.571999046628534
1678,48.580634280926795
1679,48.58256413589877
1680,48.58583737793956
1681,48.59188695325591
1682,48.59228419136765
1683,48.591348153926155
1684,48.60001588952447
1685,48.606013462760735
1686,48.61639365574623
1687,48.61302002080083
1688,48.61581152134974
1689,48.61518749638874
1690,48.6192530478997
1691,48.61656555151095
1692,48.61663127636216
1693,48.62008869243659
1694,48.62032920205697
1695,48.62763116080199
1696,48.629724244525335
1697,48.63314121453747
1698,48.63112396718091
1699,48.6337435719651
1700,48.626594730455885
1701,48.62819957242734
1702,48.62367394695788
1703,48.623455104870864
1704,48.624115242387475
1705,48.631571040619406
1706,48.621247905471776
1707,48.61990162939851
1708,48.618098168371176
1709,48.62133818686081
1710,48.6116109088808
1711,48.608197550124224
1712,48.61421462414052
1713,48.61018446293407
1714,48.60776275495464
1715,48.6004651297163
1716,48.60217614260126
1717,48.601343387068816
1718,48.594362107817645
1719,48.59067573814064
1720,48.59082885537644
1721,48.58952880337436
1722,48.590268388513316
1723,48.58060683538453
1724,48.5719029872306
1725,48.57598442826602
1726,48.56652004969088
1727,48.56371338186861
1728,48.56246388744439
1729,48.563237418385626
1730,48.555399549315304
1731,48.552089472467785
1732,48.552974952331425
1733,48.54600739585139
1734,48.54439099786214
1735,48.53703848153926
1736,48.53984009360374
1737,48.53385263188305
1738,48.52699196856763
1739,48.52481799271971
1740,48.51660094181545
1741,48.5197008435893
1742,48.50817877159531
1743,48.50942971052175
1744,48.50328479805859
1745,48.50360547755243
1746,48.50419122320449
1747,48.5007713641879
1748,48.50572456231583
1749,48.50517492921939
1750,48.502406540706076
1751,48.503411192003234
1752,48.495555988906226
1753,48.49306783382446
1754,48.486654243947534
1755,48.48970286589241
1756,48.484452822557344
1757,48.48642601259606
1758,48.48265008378113
1759,48.48309137921073
1760,48.478505806898944
1761,48.481794216213096
1762,48.48530291211649
1763,48.47928511584908
1764,48.47353094123765
1765,48.47284046917432
1766,48.4778911712024
1767,48.47640550066447
1768,48.47871092621482
1769,48.481087854625294
1770,48.4849800658693
1771,48.476875686138555
1772,48.480801843184835
1773,48.48011859363263
1774,48.47934578494251
1775,48.48695470041024
1776,48.47822918472294
1777,48.481679378286245
1778,48.47913055411105
1779,48.48100479574739
1780,48.47549907551858
1781,48.47375339458023
1782,48.4743405847345
1783,48.484452100306235
1784,48.48356300918704
1785,48.47731914832149
1786,48.48317588259086
1787,48.483453949269084
1788,48.48097084994511
1789,48.48001386722135
1790,48.482902871670426
1791,48.48826125267233
1792,48.49556321141735
1793,48.49724533425781
1794,48.494903796151846
1795,48.495968394291324
1796,48.4962609059918
1797,48.49860894435778
1798,48.50722901138268
1799,48.50485280522332
1800,48.51011368232507
1801,48.515088547986366
1802,48.511008551453166
1803,48.50827121973768
1804,48.52055815565956
1805,48.52216949789103
1806,48.51778760039291
1807,48.52033136881031
1808,48.52589342462587
1809,48.530213208528345
1810,48.537520223031144
1811,48.5321300629803
1812,48.54035433639568
1813,48.536823250707805
1814,48.54870139250014
1815,48.552141474547874
1816,48.55279511180447
1817,48.5587081816606
1818,48.55851100710695
1819,48.564597417230026
1820,48.57201276939966
1821,48.57862353383024
1822,48.57419685676316
1823,48.58038582654417
1824,48.58554342173687
1825,48.58708831686601
1826,48.589605361992255
1827,48.59448922401341
1828,48.593727971341075
1829,48.602352371872655
1830,48.60702172531346
1831,48.61343675969261
1832,48.61523444271104
1833,48.62505489108453
1834,48.619804125498355
1835,48.62529323395158
1836,48.62524267637372
1837,48.63085023400936
1838,48.63236479459179
1839,48.63460016178425
1840,48.63206722713353
1841,48.631406367365805
1842,48.631285751430056
1843,48.63422820246143
1844,48.640885190963196
1845,48.649180244987576
1846,48.63963497428786
1847,48.64392225689028
1848,48.64902207199399
1849,48.64564915929971
1850,48.646305685560755
1851,48.64176489281793
1852,48.64012899404865
1853,48.6395605824233
1854,48.63097373894956
1855,48.637112151152714
1856,48.62845886057664
1857,48.630769341884786
1858,48.628704425954815
1859,48.62730903680592
1860,48.62249884439822
1861,48.61921404633963
1862,48.617131796382964
1863,48.614020338591324
1864,48.60652192754377
1865,48.6065472063327
1866,48.599849771768646
1867,48.5968264286127
1868,48.60150950482464
1869,48.592513867221356
1870,48.59543465071936
1871,48.594463945224476
1872,48.590462674062515
1873,48.58684202923673
1874,48.582843647079216
1875,48.58221384410932
1876,48.57816634887618
1877,48.571975212341826
1878,48.568199283526894
1879,48.56615675738141
1880,48.56522722019992
1881,48.56175752585659
1882,48.55657465187496
1883,48.55653276131045
1884,48.555713728549144
1885,48.553078956491596
1886,48.555370659270814
1887,48.54609695498931
1888,48.54722800023112
1889,48.5407970763275
1890,48.54402842780378
1891,48.550513520540825
1892,48.538490206274915
1893,48.541863118969204
1894,48.53080978794707
1895,48.530669671231294
1896,48.53045010689316
1897,48.52806812272491
1898,48.53332322181776
1899,48.530494164211014
1900,48.53145981394811
1901,48.537459553937715
1902,48.53389596694979
1903,48.530708672791356
1904,48.52958340555845
1905,48.53469622118218
1906,48.53241535216964
1907,48.53572542901716
1908,48.52984269370775
1909,48.5310762986075
1910,48.53229545848501
1911,48.52549763101635
1912,48.52367394695788
1913,48.53278297798579
1914,48.53230051424279
1915,48.52662434275149
1916,48.5338374646097
1917,48.530385826544176
1918,48.53216617553591
1919,48.532795256254694
1920,48.530570000577804
1921,48.53232218177616
1922,48.53262047148553
1923,48.53260024845438
1924,48.52492994164211
1925,48.530650892702376
1926,48.528470416594445
1927,48.531523372045996
1928,48.53078884266482
1929,48.53202822557347
1930,48.53563298087479
1931,48.53282920205697
1932,48.539058617900274
1933,48.53632417518923
1934,48.53833203328133
1935,48.54472612237823
1936,48.548755561333564
1937,48.54434405153984
1938,48.550545299589764
1939,48.55632186398567
1940,48.5468437626394
1941,48.55296339631363
1942,48.5519724677876
1943,48.55348413936557
1944,48.549166522216446
1945,48.55453573698504
1946,48.55985583867799
1947,48.56562951406945
1948,48.56307996764315
1949,48.5669158433004
1950,48.57112440053157
1951,48.56850912925406
1952,48.568524296527414
1953,48.57733576009707
1954,48.579929363841224
1955,48.57340671404634
1956,48.57505633558676
1957,48.576823684058475
1958,48.58738443982204
1959,48.58803374357196
1960,48.583081989946265
1961,48.59118348067256
1962,48.59388614433466
1963,48.59836193447738
1964,48.60409733055989
1965,48.60323496273184
1966,48.596579418732304
1967,48.599514647252555
1968,48.599440977639105
1969,48.6014661697579
1970,48.61119705899347
1971,48.619922574680764
1972,48.6249588316866
1973,48.62529106719824
1974,48.62035809210146
1975,48.61696784538048
1976,48.6211843473739
1977,48.622653406136244
1978,48.619261714913044
1979,48.626458224995666
1980,48.630062258045875
1981,48.63372262668285
1982,48.63467022014214
1983,48.637741231871495
1984,48.63525596579419
1985,48.63357817646039
1986,48.64029438955336
1987,48.642450309123475
1988,48.646279684520714
1989,48.65091075865257
1990,48.64482362627839
1991,48.643163170971285
1992,48.63610894435777
1993,48.6368348067256
1994,48.64316172646906
1995,48.64905890680072
1996,48.64413387646617
1997,48.640995695383374
1998,48.645089414687696
1999,48.645831166579995
2000,48.64465100826255
2001,48.64334806725602
2002,48.639751256716934
2003,48.63686875252788
2004,48.63261180447218
2005,48.631779048939734
2006,48.632336626798406
2007,48.6323481828162
2008,48.63492445253366
2009,48.62701869185879
2010,48.620994395331365
2011,48.61512899404865
2012,48.62557202288092
2013,48.62797567458254
2014,48.624867828046455
2015,48.62693057722309
2016,48.62413979892529
2017,48.62858236551684
2018,48.63313254752412
2019,48.63197477899116
2020,48.63038365979084
2021,48.63769789680476
2022,48.633235829433175
2023,48.63224562315826
2024,48.6344795458485
2025,48.63143453515919
2026,48.63646284740278
2027,48.63980975905703
2028,48.64089530247877
2029,48.63597388339978
2030,48.63452143641301
2031,48.63976209048362
2032,48.64639018894089
2033,48.65261671577974
2034,48.65311651354943
2035,48.65606040908303
2036,48.64907335182296
2037,48.64553937713064
2038,48.64300644247992
2039,48.64360807765644
2040,48.63713454093719
2041,48.64477812445831
2042,48.641359709943956
2043,48.6373057144508
2044,48.641402322759575
2045,48.64147021436413
2046,48.65166406656266
2047,48.64615690183163
2048,48.64613451204715
2049,48.6431285029179
2050,48.642673484717164
2051,48.645105304212166
2052,48.64703082567747
2053,48.65113899000404
2054,48.65510125960594
2055,48.64968726526839
2056,48.6500057780089
2057,48.64995522043104
2058,48.65074319639452
2059,48.64927630438551
2060,48.65335774542093
2061,48.662779511180446
2062,48.65278211128445
2063,48.65796281851274
2064,48.660801265383945
2065,48.66157335182296
2066,48.667625816143754
2067,48.66758898133703
2068,48.669719622118215
2069,48.67192248801063
2070,48.67502311203559
2071,48.6697774022072
2072,48.676423556942275
2073,48.67733214884151
2074,48.68499451089155
2075,48.686088721326634
2076,48.68824969665453
2077,48.69012827179754
2078,48.68783223551164
2079,48.68825186340787
2080,48.69071257294736
2081,48.69788597099439
2082,48.697717686485234
2083,48.695386982145955
2084,48.69440544288438
2085,48.68771450858034
2086,48.691634887617724
2087,48.69785996995435
2088,48.69332567747154
2089,48.696252238978445
2090,48.70176518171838
2091,48.6978917490033
2092,48.69964898595944
2093,48.702617438030856
2094,48.7075598023921
2095,48.71700395793609
2096,48.71134945397816
2097,48.71417995608713
2098,48.71294418443404
2099,48.71169035650315
2100,48.71407378517363
2101,48.71315652626105
2102,48.71773270930837
2103,48.719367163575434
2104,48.71100205119316
2105,48.71824478534697
2106,48.71785982550413
2107,48.710225631247475
2108,48.70997501011151
2109,48.70494380886347
2110,48.70056913387646
2111,48.6992994164211
2112,48.70526593285954
2113,48.70405038423759
2114,48.70931776159935
2115,48.7005301323164
2116,48.695664326573066
2117,48.696606142023455
2118,48.69601750736696
2119,48.697735742763044
2120,48.702858669902355
2121,48.70011339342462
2122,48.69862266712891
2123,48.695914225457905
2124,48.69998049921997
2125,48.68974836771249
2126,48.683646790316054
2127,48.68818469405443
2128,48.690882301958744
2129,48.68147136996591
2130,48.6778261686023
2131,48.679518402958344
2132,48.67849858438782
2133,48.676588230195875
2134,48.67630366325764
2135,48.66966039752701
2136,48.66725096781649
2137,48.66869619229214
2138,48.66657277402207
2139,48.669444444444444
2140,48.66284595828277
2141,48.65448012364939
2142,48.64601750736696
2143,48.64751256716935
2144,48.64395403593922
2145,48.64274065407061
2146,48.64129398509274
2147,48.634244814237015
2148,48.6343560409083
2149,48.63530796787427
2150,48.63413069856128
2151,48.6318476627954
2152,48.63002397873693
2153,48.64100219564338
2154,48.640754463511875
2155,48.63747399895996
2156,48.63695108915468
2157,48.624173744727564
2158,48.62023242040793
2159,48.62093300398683
2160,48.620600768475185
2161,48.6186001328942
2162,48.6183935690761
2163,48.622064049228634
2164,48.6201544172878
2165,48.62185820766164
2166,48.63293031721269
2167,48.634452100306234
2168,48.635010400416014
2169,48.63616239094008
2170,48.632187120818166
2171,48.63326327497544
2172,48.63213800774253
2173,48.63497717686485
2174,48.64569827237534
2175,48.64172011324897
2176,48.63385479863639
2177,48.630135205408216
2178,48.63936701912521
2179,48.64727205754897
2180,48.64714060784654
2181,48.646575807476744
2182,48.64803836597908
2183,48.649570982839315
2184,48.6439944820015
2185,48.6481806494482
2186,48.656982001502286
2187,48.658428670480156
2188,48.654280782342404
2189,48.657899982665974
2190,48.65903536141445
2191,48.65666565551511
2192,48.65716689778702
2193,48.66058242329693
2194,48.661202114751255
2195,48.66784971398856
2196,48.66540417172242
2197,48.664866094643784
2198,48.66383472005547
2199,48.673564164788814
2200,48.67476093488184
2201,48.676666233316
2202,48.68434159588606
2203,48.68809802392096
2204,48.684521436413014
2205,48.687896515860636
2206,48.68438926445947
2207,48.6879535736985
2208,48.68917273357601
2209,48.69154027272202
2210,48.69370774830993
2211,48.69978115791298
2212,48.69590700294678
2213,48.69806581152135
2214,48.693088779106716
2215,48.69910946437857
2216,48.695935170740164
2217,48.702667995608714
2218,48.69802464320795
2219,48.697051048708616
2220,48.702528601144046
2221,48.69640030045646
2222,48.69181978390247
2223,48.69137559946842
2224,48.685541254983534
2225,48.69066057086728
2226,48.6971796094066
2227,48.69751762292714
2228,48.69487418385624
2229,48.69481784826949
2230,48.68843748194372
2231,48.687150430461664
2232,48.68304732189288
2233,48.682658750794474
2234,48.674979776968854
2235,48.670311868030275
2236,48.673427659328595
2237,48.67529756745825
2238,48.67764488357312
2239,48.671396689200904
2240,48.66576890853412
2241,48.664598139481136
2242,48.66366426879297
2243,48.65747096550529
2244,48.6531085687872
2245,48.64864650141561
2246,48.64771840873635
2247,48.64300138672213
2248,48.64198301265384
2249,48.62516684000693
2250,48.62524484312706
2251,48.62736898364823
2252,48.608360056624484
2253,48.608446004506845
2254,48.60627997342116
2255,48.60807187843069
2256,48.6033794129543
2257,48.60525076558618
2258,48.61304891084532
2259,48.608474894551335
2260,48.6028261686023
2261,48.60190385393194
2262,48.60426705957127
2263,48.59769674120298
2264,48.586329230947015
2265,48.59098847287225
2266,48.58437626393945
2267,48.58280536777027
2268,48.590239498468826
2269,48.586282284624716
2270,48.58788712659617
2271,48.58927457098284
2272,48.585430028312246
2273,48.59285043623967
2274,48.58636678800485
2275,48.583685069625005
2276,48.58216400878258
2277,48.58142225689028
2278,48.58414731033686
2279,48.581574651874966
2280,48.58802868781418
2281,48.58741910787543
2282,48.5932050615358
2283,48.590346391633446
2284,48.58496417634483
2285,48.593431848385045
2286,48.59508074767435
2287,48.59505474663431
2288,48.593122724908994
2289,48.59997761021552
2290,48.597889582249955
2291,48.59448055700006
2292,48.60061680244988
2293,48.60580039868261
2294,48.60509114809037
2295,48.611962645172476
2296,48.61558040099382
2297,48.617825879701854
2298,48.621319408331885
2299,48.61985829433177
2300,48.61455047090772
2301,48.611795082914426
2302,48.60703544808459
2303,48.602085138961115
2304,48.61214754145721
2305,48.616315652626106
2306,48.62339804703299
2307,48.623423325821925
2308,48.6291565551511
2309,48.62571286184781
2310,48.63321127289536
2311,48.63093618189172
2312,48.626238660657535
2313,48.628709481712605
2314,48.63059527936673
2315,48.63470994395331
2316,48.63896905876235
2317,48.64021349742879
2318,48.63560770208586
2319,48.63833925579245
2320,48.634632663084304
2321,48.63591754781302
2322,48.64446466747559
2323,48.6443180504998
2324,48.643412347605015
2325,48.63989570693939
2326,48.64185878546253
2327,48.649392586814585
2328,48.64452894782458
2329,48.63273025365459
2330,48.63904922863581
2331,48.63594932686196
2332,48.6436174669209
2333,48.643362512278266
2334,48.64296021840874
2335,48.63988270641937
2336,48.63329216501993
2337,48.633901744958685
2338,48.63210550644248
2339,48.63960969549893
2340,48.627729386953256
2341,48.62308170104582
2342,48.622414341018086
2343,48.62119156988502
2344,48.61534061362455
2345,48.61515138383313
2346,48.614709366152425
2347,48.61318324955221
2348,48.60841061420235
2349,48.60727812445831
2350,48.60755619113653
2351,48.60632186398567
2352,48.600895591379214
2353,48.59868983648235
2354,48.59025611024441
2355,48.58983792685041
2356,48.59224374530537
2357,48.586622464898596
2358,48.58529063384758
2359,48.58310510198186
2360,48.58194083318888
2361,48.575845756052466
2362,48.57449731322586
2363,48.57186831917721
2364,48.56782804645519
2365,48.56315797076328
2366,48.56802955451551
2367,48.56300918703415
2368,48.55927225977928
2369,48.55417822268446
2370,48.55676388166638
2371,48.554631796382964
2372,48.548980903680594
2373,48.54434332928873
2374,48.542292858381
2375,48.54036083665569
2376,48.532792367250245
2377,48.53733027098862
2378,48.53452432541746
2379,48.53308054544404
2380,48.53201883630901
2381,48.53017781822384
2382,48.52285274744323
2383,48.52381478592477
2384,48.52782255734674
2385,48.5262307158953
2386,48.52921144623563
2387,48.5190710406194
2388,48.526369388108854
2389,48.527907782977984
2390,48.52916161090888
2391,48.53157970763275
2392,48.53391835673427
2393,48.54347590570289
2394,48.54690443173283
2395,48.53446871208182
2396,48.54057823424048
2397,48.53817313803663
2398,48.530388715548625
2399,48.54054573294043
2400,48.54061579129832
2401,48.55278283353557
2402,48.55282327959785
2403,48.5567241578552
2404,48.55757713641879
2405,48.56406439590917
2406,48.56582885537644
2407,48.5693946091177
2408,48.5718972092217
2409,48.57947723464494
2410,48.57690385393194
2411,48.58686947477899
2412,48.59209712832958
2413,48.59596983879355
2414,48.601962356272026
2415,48.60489108453227
2416,48.616716501993416
2417,48.62164442133241
2418,48.62427124862772
2419,48.63105679782747
2420,48.63015976194603
2421,48.63071806205581
2422,48.63506312474721
2423,48.6362281157913
2424,48.64218018720749
2425,48.64526419945687
2426,48.639774368752526
2427,48.63768128502918
2428,48.64486840584735
2429,48.64877939562027
2430,48.65766886231005
2431,48.658594065984865
2432,48.663867221355524
2433,48.665832466632
2434,48.66810972438898
2435,48.67783989137343
2436,48.68130164095453
2437,48.680268099612874
2438,48.677521378632925
2439,48.67746937655284
2440,48.69048217484255
2441,48.68792251690068
2442,48.6904381175247
2443,48.68869749234414
2444,48.6896725313457
2445,48.68646284740279
2446,48.68869821459525
2447,48.68257641416768
2448,48.682432686196336
2449,48.67520945282256
2450,48.67807028947825
2451,48.67750910036401
2452,48.672154330617666
2453,48.6732160397527
2454,48.6615697405674
2455,48.668212284046916
2456,48.65993745305368
2457,48.65373981625932
2458,48.65245420927948
2459,48.6542569480557
2460,48.652532212399606
2461,48.65083853354134
2462,48.6446892875715
2463,48.63680230542555
2464,48.630376437279715
2465,48.62810784653608
2466,48.62981091465881
2467,48.62510761541573
2468,48.61488198416826
2469,48.615503842375915
2470,48.61693101057376
2471,48.61329736522794
2472,48.61072976252383
2473,48.6064648697059
2474,48.603544808459006
2475,48.603723926734844
2476,48.596930432772865
2477,48.59178800485353
2478,48.58976064598139
2479,48.588485872768246
2480,48.58483633789796
2481,48.584630496330966
2482,48.58099540648293
2483,48.580988183971805
2484,48.58347706130468
2485,48.57958268330733
2486,48.57997053215462
2487,48.585535476974634
2488,48.58202822557347
2489,48.581797827468655
2490,48.58408086323453
2491,48.57756760270411
2492,48.57503177904894
2493,48.57127535101404
2494,48.5719499335529
2495,48.57222222222222
2496,48.574596261628244
2497,48.572433841798116
2498,48.577280146761424
2499,48.57427702663662
2500,48.575568411625355
2501,48.572987086150114
2502,48.570615213497426
2503,48.57387617726931
2504,48.569499335528974
2505,48.57351721846651
2506,48.56688695325591
2507,48.57211894031317
2508,48.57369778124458
2509,48.57521089732478
2510,48.57279496735425
2511,48.57262234933842
2512,48.56786488126192
2513,48.56562301380944
2514,48.57483315999307
2515,48.56909270815277
2516,48.56763664991044
2517,48.56768937424164
2518,48.566497659906396
2519,48.57468870977061
2520,48.571432801756515
2521,48.56926460391749
2522,48.56646010284856
2523,48.563813774773216
2524,48.56485887213266
2525,48.56307635638759
2526,48.56102155197319
2527,48.555679060495756
2528,48.55620485930548
2529,48.563698936846365
2530,48.567292858381
2531,48.560936326341945
2532,48.55392760154851
2533,48.55664471023285
2534,48.558310943548854
2535,48.556017074016296
2536,48.55803071011729
2537,48.55304356618709
2538,48.55989556248917
2539,48.564844427110415
2540,48.56821083954469
2541,48.56750303345467
2542,48.56588013520541
2543,48.56991174091408
2544,48.570415872190445
2545,48.578149737100595
2546,48.57582192176576
2547,48.582597359449935
2548,48.58223117813601
2549,48.583905356214245
2550,48.587294158433004
2551,48.59140521176403
2552,48.594110764430575
2553,48.595858612122264
2554,48.59304977754666
2555,48.599058906800714
2556,48.604312561391346
2557,48.60637386606575
2558,48.60399477090195
2559,48.60860273299821
2560,48.60750418905645
2561,48.60911842029237
2562,48.607253567920495
2563,48.61453530363437
2564,48.6101216270873
2565,48.617589703588145
2566,48.61573351822962
2567,48.62595192696597
2568,48.61700684694054
2569,48.62017969607673
2570,48.616582885537646
2571,48.627032414629916
2572,48.61940977639106
2573,48.616657277402204
2574,48.61827728664702
2575,48.620524932108395
2576,48.62572658461894
2577,48.62397801467614
2578,48.616098255041315
2579,48.61478086901254
2580,48.622459120587045
2581,48.62435069625007
2582,48.62475443462183
2583,48.62678034899174
2584,48.6321654532848
2585,48.62737187265268
2586,48.63279381175247
2587,48.63594788235974
2588,48.6290511064887
2589,48.62545646270295
2590,48.626326775293236
2591,48.62576341942567
2592,48.626300774253195
2593,48.62903521696423
2594,48.625819032761314
2595,48.62723897844803
2596,48.62631521927544
2597,48.628583810019066
2598,48.631050297567455
2599,48.63546108511007
2600,48.63268330733229
2601,48.632323626278385
2602,48.640264777257755
2603,48.64405226209048
2604,48.633044432888425
2605,48.642969607673194
2606,48.650218842087014
2607,48.65806826717513
2608,48.659718610966664
2609,48.66758825908592
2610,48.666863118969204
2611,48.67497833246663
2612,48.66922054659964
2613,48.67755243543075
2614,48.678318021609755
2615,48.682977985786096
2616,48.68983937135263
2617,48.690569567227136
2618,48.69620529265615
2619,48.6956664933264
2620,48.70623374934998
2621,48.711903420581265
2622,48.71227465765297
2623,48.715509620384815
2624,48.71560712428497
2625,48.72060510198186
2626,48.72112656728491
2627,48.72409068584965
2628,48.72975963482984
2629,48.72774527647773
2630,48.73465144161322
2631,48.7438117524701
2632,48.74340801409834
2633,48.74756601375166
2634,48.749794880684114
2635,48.748745449817996
2636,48.75019067429364
2637,48.75706794938464
2638,48.767956607153174
2639,48.76697290113827
2640,48.77110562200266
2641,48.76690862078927
2642,48.76866007973652
2643,48.77307086727914
2644,48.7766842895938
2645,48.77320087247934
2646,48.78103801929855
2647,48.776945022245336
2648,48.780320823944066
2649,48.780827121973765
2650,48.77480499219969
2651,48.778850320679496
2652,48.77414268792974
2653,48.77395056913387
2654,48.77530551222049
2655,48.77397440342058
2656,48.77336843473739
2657,48.77064915929971
2658,48.77355694227769
2659,48.768941035419196
2660,48.764871150401575
2661,48.76559629051829
2662,48.76145995839833
2663,48.7572716241983
2664,48.747755243543075
2665,48.75582639972266
2666,48.75649087074594
2667,48.754399231524815
2668,48.75810654648408
2669,48.7513130525221
2670,48.748410325301904
2671,48.74325417461143
2672,48.74840599179523
2673,48.73754261281562
2674,48.72537918183394
2675,48.72285346969434
2676,48.73007742531924
2677,48.72978635812099
2678,48.727410874212744
2679,48.72511628242908
2680,48.71749436644132
2681,48.71314930374993
2682,48.70684910729763
2683,48.70394999133298
2684,48.70022173109147
2685,48.697027936673024
2686,48.69972121107067
2687,48.69833448893511
2688,48.69704815970417
2689,48.69524469867684
2690,48.68541630554111
2691,48.690038712659614
2692,48.677652106084246
2693,48.67919411220893
2694,48.67804356618709
2695,48.673634223146706
2696,48.67369416998902
2697,48.66516799560871
2698,48.66290373837176
2699,48.65253582365517
2700,48.64933841798116
2701,48.64514719477668
2702,48.641737447275666
2703,48.641629831859944
2704,48.65011989368464
2705,48.640330502108974
2706,48.63744077540879
2707,48.62598009475935
2708,48.62702880337436
2709,48.62058849020627
2710,48.622254723522275
2711,48.616279540070494
2712,48.62311275784365
2713,48.62118868088057
2714,48.619762234933845
2715,48.618415236609465
2716,48.61195614491246
2717,48.611485959438376
2718,48.60383226440169
2719,48.60687944184434
2720,48.60559239036228
2721,48.60753596810539
2722,48.605778008898135
2723,48.60190313168082
2724,48.607900704917085
2725,48.61613075634136
2726,48.605924625873925
2727,48.60373331599931
2728,48.6085608424337
2729,48.60802348760617
2730,48.60591523660946
2731,48.60937481943722
2732,48.60662304269949
2733,48.608695181140575
2734,48.60834200034668
2735,48.61315435950771
2736,48.60713656324031
2737,48.60891257872537
2738,48.604165944415556
2739,48.608370168140056
2740,48.607284624718325
2741,48.60612757843647
2742,48.61322225111227
2743,48.6127354538626
2744,48.61714624140521
2745,48.62002802334315
2746,48.61892659039695
2747,48.62847547235223
2748,48.62725414572139
2749,48.62457314959265
2750,48.628770150806034
2751,48.631941555439994
2752,48.634834171144625
2753,48.64036805916681
2754,48.639190789853814
2755,48.63813702548102
2756,48.644578783151324
2757,48.64348673946958
2758,48.65035751430057
2759,48.64608756572485
2760,48.65437828624256
2761,48.655679782746866
2762,48.66293768417403
2763,48.66098255041313
2764,48.6702837002369
2765,48.67265412838736
2766,48.67056754492402
2767,48.668757583636676
2768,48.665178107124284
2769,48.66700034668053
2770,48.66206809383486
2771,48.669219102097415
2772,48.67214494135321
2773,48.666605997573235
2774,48.66741347431675
2775,48.6702013636101
2776,48.67109695498931
2777,48.67292352805223
2778,48.67312720286589
2779,48.6762892182354
2780,48.67496822095106
2781,48.67536762581614
2782,48.677368983648236
2783,48.66812416941122
2784,48.67642211244005
2785,48.67755965794187
2786,48.683184549604206
2787,48.683942191020975
2788,48.68142731264806
2789,48.68174438088634
2790,48.685627925117004
2791,48.687503611255565
2792,48.69262798289709
2793,48.69428771595308
2794,48.69568454960421
2795,48.69019616340209
2796,48.684883284220255
2797,48.67832452186976
2798,48.68245290922748
2799,48.68317949384642
2800,48.67062171375744
2801,48.67089544692899
2802,48.667363638990004
2803,48.67022664239903
2804,48.6643901311608
2805,48.66287845958283
2806,48.66385855434218
2807,48.6650907147397
2808,48.6631594152655
2809,48.66603325244121
2810,48.666975790142715
2811,48.669745623158256
2812,48.6669216213093
2813,48.65971138845554
2814,48.662827179753855
2815,48.662077483099324
2816,48.65688449760213
2817,48.65016178424915
2818,48.642062460276186
2819,48.64287354827526
2820,48.64706982723754
2821,48.646515138383315
2822,48.64302811001329
2823,48.64282804645519
2824,48.63741116311319
2825,48.64130409660831
2826,48.6356040908303
2827,48.637357716530886
2828,48.64048145259144
2829,48.636925810365746
2830,48.638534985843876
2831,48.63762422719131
2832,48.62683235107182
2833,48.63095496042064
2834,48.623596666088865
2835,48.62476743514185
2836,48.62155919570116
2837,48.61396328075345
2838,48.621811261339346
2839,48.62316475992373
2840,48.62101100710695
2841,48.62341393655746
2842,48.62179537181487
2843,48.61988212861848
2844,48.616670277922225
2845,48.61757959207257
2846,48.60891041197203
2847,48.60977566880453
2848,48.61219232102617
2849,48.60662232044837
2850,48.6116462991853
2851,48.61030580112094
2852,48.61154301727625
2853,48.6054284393598
2854,48.596951378055124
2855,48.59545631825273
2856,48.603458138325536
2857,48.60117582481077
2858,48.60675810365748
2859,48.594574449644654
2860,48.60045068469405
2861,48.59530609002138
2862,48.59199167966719
2863,48.60018489628474
2864,48.60761686022997
2865,48.60443751083377
2866,48.60262827179754
2867,48.60253004564627
2868,48.593007164731034
2869,48.600892702374765
2870,48.60142427919339
2871,48.60326890853412
2872,48.60408794129543
2873,48.615285722540015
2874,48.6173398047033
2875,48.62301669844572
2876,48.62436875252788
2877,48.62687713064078
2878,48.62721731091466
2879,48.620480874790545
2880,48.623538885999885
2881,48.62630655226209
2882,48.63563659213035
2883,48.63889827815335
2884,48.63561636909921
2885,48.63912289824926
2886,48.63571387299937
2887,48.63597605015312
2888,48.63935185185185
2889,48.6369113653435
2890,48.647235944993355
2891,48.63957141618998
2892,48.63064222568903
2893,48.630119315883746
2894,48.636087276824405
2895,48.63018431848385
2896,48.6372703241463
2897,48.636029496735425
2898,48.634687554168835
2899,48.631524094297106
2900,48.63104163055411
2901,48.63779178944936
2902,48.62569480557
2903,48.617191020974175
2904,48.627951840295836
2905,48.62406179580517
2906,48.628825041890565
2907,48.62497399895996
2908,48.627286647021435
2909,48.63793118391402
2910,48.64086713468539
2911,48.63965591957012
2912,48.63941902120529
2913,48.63701825850812
2914,48.63792323915179
2915,48.63726599063963
2916,48.63237201710291
2917,48.62057621193737
2918,48.62600826255272
2919,48.62865097937251
2920,48.62470171029064
2921,48.62737692841047
2922,48.62358511007107
2923,48.62321315074825
2924,48.6274022071994
2925,48.62365083492229
2926,48.62209871728202
2927,48.62529901196048
2928,48.620951782515746
2929,48.61559917952274
2930,48.61500910036401
2931,48.610369359218815
2932,48.61674972554458
2933,48.61553634367597
2934,48.609085196741205
2935,48.60864173455827
2936,48.602997342115906
2937,48.60521104177501
2938,48.59653102790778
2939,48.60098370601491
2940,48.59635190963194
2941,48.590787687063035
2942,48.597149997110996
2943,48.59389120009245
2944,48.589065118160285
2945,48.59479618073612
2946,48.59400170451263
2947,48.58927312648061
2948,48.58551525394349
2949,48.587773010920436
2950,48.583624400531576
2951,48.57864592361472
2952,48.58090512509389
2953,48.58191122089328
2954,48.58522924250303
2955,48.58584098919513
2956,48.58340555844456
2957,48.5830018200728
2958,48.58162159819726
2959,48.57060654648408
2960,48.57007713641879
2961,48.56290373837176
2962,48.56827078638701
2963,48.56988501762293
2964,48.572110995550936
2965,48.57210232853759
2966,48.57324420754608
2967,48.57865675738141
2968,48.57911899809326
2969,48.58311232449298
2970,48.58846709423933
2971,48.58865849078408
2972,48.588509707054946
2973,48.58612338938002
2974,48.57743543075056
2975,48.58073250707806
2976,48.58055411105333
2977,48.57784639163344
2978,48.58393496850985
2979,48.583160715317504
2980,48.58278297798579
2981,48.58136086554573
2982,48.58055122204888
2983,48.58565681516149
2984,48.58780840122494
2985,48.590771075287456
2986,48.585168573409604
2987,48.58047610793321
2988,48.57397873692725
2989,48.57610143294621
2990,48.573686947477896
2991,48.57887487721731
2992,48.581667100017334
2993,48.580426994857575
2994,48.57769977465765
2995,48.57842924828104
2996,48.58229184722944
2997,48.586153723926735
2998,48.585889380019644
2999,48.57614404576183
3000,48.57919916796672
3001,48.59000693361068
3002,48.593067111573355
3003,48.58798174149188
3004,48.58589082452187
3005,48.585684260703765
3006,48.586564684809616
3007,48.592954440399836
3008,48.592933495117585
3009,48.59172372450453
3010,48.595025134338705
3011,48.58776723291154
3012,48.588124024961
3013,48.59012249378864
3014,48.5880886346565
3015,48.59272476454614
3016,48.59783252441209
3017,48.59279265615069
3018,48.59096680533888
3019,48.590745074247415
3020,48.58735771653088
3021,48.586704079274284
3022,48.596021118622524
3023,48.597391228982495
3024,48.60041962789623
3025,48.59836048997516
3026,48.59745839833593
3027,48.59686543017276
3028,48.59334156699601
3029,48.59519125209453
3030,48.59959409487491
3031,48.59537181487259
3032,48.59538698214595
3033,48.59592505922459
3034,48.59336395678049
3035,48.595126971745536
3036,48.59195051135379
3037,48.59379152943895
3038,48.58932007280291
3039,48.5886953255908
3040,48.58686514127232
3041,48.58429753856821
3042,48.592000346680535
3043,48.59598283931357
3044,48.59450366903565
3045,48.596660310856876
3046,48.59180172762466
3047,48.59134093141503
3048,48.58834070029468
3049,48.59025394349107
3050,48.58517724042295
3051,48.58432787311492
3052,48.587244323106255
3053,48.59036372566014
3054,48.59091552550991
3055,48.587849569538335
3056,48.58782717975386
3057,48.591790893857976
3058,48.59126365054602
3059,48.59699760212631
3060,48.60056624487202
3061,48.58664557693419
3062,48.586821806205585
3063,48.58841725891258
3064,48.589307794534
3065,48.58988126191714
3066,48.58709553937713
3067,48.59138715548622
3068,48.59023444271104
3069,48.591775004333506
3070,48.58607860981106
3071,48.59306566707113
3072,48.58882316403767
3073,48.59222713352978
3074,48.58538163748772
3075,48.58093979314728
3076,48.5786329230947
3077,48.58245796498527
3078,48.57992575258566
3079,48.575741029641186
3080,48.56964161899809
3081,48.56764965043046
3082,48.57158302998786
3083,48.56447607904316
3084,48.56038163748772
3085,48.557490466285316
3086,48.56193231062576
3087,48.55858395446929
3088,48.554570405038426
3089,48.54538625989484
3090,48.549093574854105
3091,48.5492994164211
3092,48.55348197261224
3093,48.55050485352747
3094,48.54714855260877
3095,48.54340584734501
3096,48.54426243716415
3097,48.553656035130295
3098,48.549180244987575
3099,48.55145894724678
3100,48.55424033628012
3101,48.563581209915064
3102,48.55164673253597
3103,48.56180808343445
3104,48.56162968740972
3105,48.559044750678915
3106,48.559707777199975
3107,48.55917692263246
3108,48.56081209915063
3109,48.55862873403825
3110,48.56618925868146
3111,48.576629398509276
3112,48.570470763274976
3113,48.57227566880453
3114,48.57139307794534
3115,48.57325576356388
3116,48.56847229444733
3117,48.57229805858901
3118,48.56736219448778
3119,48.57307664528803
3120,48.57241145201364
3121,48.5755770786387
3122,48.584428988270645
3123,48.58533180216097
3124,48.58514401687179
3125,48.58031576818628
3126,48.588200583578896
3127,48.5899022071994
3128,48.590907580747675
3129,48.589031894609114
3130,48.59018532963541
3131,48.586994424221416
3132,48.58679724966777
3133,48.586331397700356
3134,48.58459005026868
3135,48.58035838100191
3136,48.58877477321315
3137,48.591143034610276
3138,48.58171982434853
3139,48.577481654821746
3140,48.57598442826602
3141,48.58342939273126
3142,48.58472149997111
3143,48.574803547697464
3144,48.58457199399087
3145,48.582212399607094
3146,48.57931111688912
3147,48.57454281504594
3148,48.56980484774947
3149,48.56556595597157
3150,48.56761426012596
3151,48.570914225457905
3152,48.57166103310799
3153,48.56555512220489
3154,48.56824911885364
3155,48.57124646096955
3156,48.572711908476336
3157,48.56928699370197
3158,48.56192653261686
3159,48.5578371468192
3160,48.55877824001849
3161,48.55050702028081
3162,48.557521523083146
3163,48.553169237880624
3164,48.55357586525683
3165,48.548710781764605
3166,48.54800442017681
3167,48.548382879759636
3168,48.54334517825158
3169,48.54313861443347
3170,48.536631854163055
3171,48.53807346738314
3172,48.5382005835789
3173,48.52671029063385
3174,48.537604004160166
3175,48.536094499335526
3176,48.531843329288726
3177,48.53179421621309
3178,48.532221066620444
3179,48.533691569885015
3180,48.53193072167331
3181,48.53296859652164
3182,48.532480354769746
3183,48.53012653839487
3184,48.533109435488534
3185,48.528389524469866
3186,48.53680013867221
3187,48.533589010227075
3188,48.540066880453
3189,48.54843271508638
3190,48.54496157624083
3191,48.54811275784365
3192,48.54760068180505
3193,48.55200424683654
3194,48.55802420985728
3195,48.55712934072918
3196,48.55118521407523
3197,48.559833448893514
3198,48.558687958629456
3199,48.56340209163922
3200,48.5649022071994
3201,48.5749118853643
3202,48.57483604899752
3203,48.57606748714393
3204,48.58074478534697
3205,48.58727682440631
3206,48.58624978332467
3207,48.59370269255215
3208,48.59565638181083
3209,48.58941829895418
3210,48.597467787600394
3211,48.60509764835038
3212,48.60693361067776
3213,48.60743268619634
3214,48.608373057144505
3215,48.61875469463223
3216,48.61886592130352
3217,48.62328248685503
3218,48.62708802796556
3219,48.628041399433755
3220,48.62942089905818
3221,48.638036632576416
3222,48.628864043450626
3223,48.633089212457385
3224,48.634388542208356
3225,48.63042988386202
3226,48.62674351418501
3227,48.631390477841336
3228,48.6370290922748
3229,48.6341494770902
3230,48.63450193563298
3231,48.640849078407584
3232,48.644030594557115
3233,48.64255720228809
3234,48.635848933957355
3235,48.63442248801063
3236,48.6307527301092
3237,48.622618738082856
3238,48.63009259259259
3239,48.636430346102735
3240,48.63666579996533
3241,48.639706477147975
3242,48.638529930086094
3243,48.63922401340498
3244,48.641462991853004
3245,48.64014849482868
3246,48.63659790836078
3247,48.645089414687696
3248,48.634986566129314
3249,48.63298231929277
3250,48.63386274339862
3251,48.62630944126654
3252,48.62276174380308
3253,48.61893886866586
3254,48.619151932743975
3255,48.62000563355868
3256,48.623569942797715
3257,48.62685185185185
3258,48.62060871323742
3259,48.62338287975963
3260,48.61909993066389
3261,48.622102328537586
3262,48.626356387588835
3263,48.62363927890449
3264,48.6201544172878
3265,48.61583968914312
3266,48.617542035014736
3267,48.62201276939967
3268,48.622629571849544
3269,48.61911582018836
3270,48.60916319986133
3271,48.60967816490437
3272,48.6104040272722
3273,48.61284090252499
3274,48.61705379326284
3275,48.61005879124054
3276,48.61283512451609
3277,48.617012624949446
3278,48.61624342751488
3279,48.61363899000404
3280,48.61431501704513
3281,48.61458441671
3282,48.61499176633732
3283,48.610424972554455
3284,48.61500476685734
3285,48.617261801583176
3286,48.62083333333333
3287,48.61432007280291
3288,48.621279684520715
3289,48.63101779626741
3290,48.623902900560466
3291,48.62579158721904
3292,48.63686080776564
3293,48.64089458022765
3294,48.6424517536257
3295,48.64970821055064
3296,48.64919180100537
3297,48.656756659155256
3298,48.65867206910499
3299,48.66595669382331
3300,48.67622782689085
3301,48.6810351302941
3302,48.68027098861732
3303,48.68485367192466
3304,48.68839848038366
3305,48.68913734327151
3306,48.70404027272202
3307,48.70321401744959
3308,48.70600479574738
3309,48.709455711561795
3310,48.71751603397469
3311,48.717339082452185
3312,48.718552464320794
3313,48.7174813659213
3314,48.72307520078581
3315,48.72680418327844
3316,48.728354134165365
3317,48.726493615300164
3318,48.725606690934306
3319,48.7249646096955
3320,48.73069783902467
3321,48.729921419078984
3322,48.71845062691396
3323,48.7257533079101
3324,48.72544346218293
3325,48.718195672271335
3326,48.71920321257295
3327,48.71351692956607
3328,48.70392615704628
3329,48.70266655110649
3330,48.68873288264864
3331,48.68161293118391
3332,48.68262769399665
3333,48.672041659444155
3334,48.670576211937366
3335,48.66934260703761
3336,48.6579779857861
3337,48.65552160975328
3338,48.65215086381233
3339,48.655478274686544
3340,48.643705581556596
3341,48.63118752527879
3342,48.63060250187785
3343,48.63101779626741
3344,48.631437424163636
3345,48.6312944184434
3346,48.61514560582423
3347,48.617597648350376
3348,48.61232160397527
3349,48.60784220257699
3350,48.60896096954989
3351,48.60018634078696
3352,48.60367192465476
3353,48.59972482232622
3354,48.589180678338245
3355,48.58417403362801
3356,48.57904316172647
3357,48.572197665684406
3358,48.572077771999766
3359,48.57346232738198
3360,48.57542540590512
3361,48.571624198301265
3362,48.56367365805743
3363,48.55726079043162
3364,48.56058892355694
3365,48.565316057086726
3366,48.55480080314324
3367,48.560477696885656
3368,48.558924134743165
3369,48.56385060957994
3370,48.56209120587046
3371,48.56539622696019
3372,48.56670927948229
3373,48.57075244120876
3374,48.562841624776105
3375,48.56770670826833
3376,48.57548390824522
3377,48.57745348702837
3378,48.571097677240424
3379,48.575093892644595
3380,48.57141330097648
3381,48.57682223955625
3382,48.57672401340498
3383,48.5714790258277
3384,48.5799336973479
3385,48.591324319639455
3386,48.58756066909343
3387,48.59128820708384
3388,48.594822904027275
3389,48.601812850291786
3390,48.6037152597215
3391,48.60476252383429
3392,48.610516698445714
3393,48.61355448662391
3394,48.622207054948866
3395,48.6264423354712
3396,48.63236046108511
3397,48.63133703125903
3398,48.6344614895707
3399,48.63806118911423
3400,48.647466343098166
3401,48.64824059629052
3402,48.66224793436182
3403,48.66623837175709
3404,48.667863436759696
3405,48.67383573120703
3406,48.67870731495926
3407,48.68900661582019
3408,48.703341133645345
3409,48.70813399202635
3410,48.71272823135148
3411,48.712432830646556
3412,48.71295212919628
3413,48.72158302998787
3414,48.73019442999942
3415,48.73538091523661
3416,48.73906584041139
3417,48.7421982434853
3418,48.74132504189056
3419,48.74612728953603
3420,48.758544952909226
3421,48.76250866701335
3422,48.77054587739065
3423,48.77710102848558
3424,48.78176315941526
3425,48.78386346564974
3426,48.78486450569134
3427,48.78628950713584
3428,48.79666536661466
3429,48.801821517305136
3430,48.80597157219622
3431,48.80251198936846
3432,48.80920003466805
3433,48.81364187900849
3434,48.812947073438494
3435,48.81478809152366
3436,48.816471658866355
3437,48.8193007164731
3438,48.82537051482059
3439,48.82372883804241
3440,48.82241578552031
3441,48.823125758363666
3442,48.82528890044491
3443,48.82799517536257
3444,48.82809990177385
3445,48.829211446235625
3446,48.82014430577223
3447,48.81975212341827
3448,48.816429768301845
3449,48.81677283758017
3450,48.8195419483446
3451,48.81081209915063
3452,48.80811810250188
3453,48.8049163633212
3454,48.797499566649336
3455,48.79972843358179
3456,48.798442826601956
3457,48.80372248223262
3458,48.79716516438435
3459,48.795770497486565
3460,48.79069812792512
3461,48.79058834575605
3462,48.79078696481193
3463,48.78732232622638
3464,48.78595221586641
3465,48.78043710637314
3466,48.78132836424568
3467,48.77745493153059
3468,48.76822817357139
3469,48.771174958109434
3470,48.76772332004391
3471,48.763461316230426
3472,48.762783122436005
3473,48.7610807765644
3474,48.75374198301265
3475,48.75404099497313
3476,48.75149433755128
3477,48.75536704801525
3478,48.75071863985671
3479,48.747149997110995
3480,48.74138354423066
3481,48.74298477494656
3482,48.74751834517825
3483,48.73903189460912
3484,48.72559802392096
3485,48.7256478592477
3486,48.724897440342055
3487,48.72297697463454
3488,48.724577483099324
3489,48.72517334026694
3490,48.72907205177096
3491,48.72796556306697
3492,48.72866759114809
3493,48.73250852256312
3494,48.7286979256948
3495,48.7320715606402
3496,48.73547336337898
3497,48.73460377303981
3498,48.73400791587219
3499,48.73105679782747
3500,48.73802507655862
3501,48.739738978448024
3502,48.746681256139134
3503,48.75284639163344
3504,48.7574774657653
3505,48.759965620847055
3506,48.76650127116196
3507,48.76245666493326
3508,48.7584842838158
3509,48.7575424683654
3510,48.76000823366268
3511,48.76061420234587
3512,48.75752513433871
3513,48.75855867568036
3514,48.77520728606922
3515,48.77898321488415
3516,48.77969535448084
3517,48.78797162997631
3518,48.7895490264055
3519,48.79619807014503
3520,48.791189258681456
3521,48.78241607442075
3522,48.78423398047033
3523,48.790694516669554
3524,48.78727465765297
3525,48.79201190269833
3526,48.78397108106547
3527,48.78025076558618
3528,48.77986074998555
3529,48.780860345524935
3530,48.78316577107529
3531,48.790709683942914
3532,48.78340916970012
3533,48.780486219448775
3534,48.76939172011325
3535,48.76498526607731
3536,48.767348471716645
3537,48.7648494828682
3538,48.76117178020454
3539,48.75267955162651
3540,48.75223247818801
3541,48.73908100768475
3542,48.74332206621598
3543,48.74236002773444
3544,48.737403218350956
3545,48.73356156468481
3546,48.72743831975501
3547,48.714916652221646
3548,48.7105629225169
3549,48.707819812792515
3550,48.693547408563006
3551,48.69106936499682
3552,48.692868492517476
3553,48.68697925694806
3554,48.680540388282196
3555,48.672691685445194
3556,48.66922488010631
3557,48.66650777142197
3558,48.663212139596695
3559,48.668443404402844
3560,48.662470387704396
3561,48.663096579418735
3562,48.66323525163229
3563,48.65318584965621
3564,48.64525264343907
3565,48.6511599352863
3566,48.647542179464956
3567,48.643280897902585
3568,48.642140463396316
3569,48.63843459293928
3570,48.63635884324262
3571,48.64250592245912
3572,48.63106185358525
3573,48.63287614837927
3574,48.63313543652857
3575,48.628730426994856
3576,48.62246923210262
3577,48.60770353036344
3578,48.60635653203906
3579,48.608933524007625
3580,48.61030507886982
3581,48.60804659964176
3582,48.613462038481536
3583,48.61267550702028
3584,48.61639293349512
3585,48.62115617958052
3586,48.611947477899115
3587,48.613032299069744
3588,48.614085341191426
3589,48.6143605188652
3590,48.615034379152945
3591,48.608302276535504
3592,48.610576645288035
3593,48.61005445773387
3594,48.61508349222858
3595,48.61483070433928
3596,48.61671289073785
3597,48.6282855203097
3598,48.62509244814237
3599,48.632412463165196
