n,d,segment
25.0,14.39569474153558,1
36.0,20.727155459002606,1
49.0,28.205131770467585,1
64.0,36.83080140516689,1
81.0,46.59564091873103,1
100.0,57.509829533243256,1
121.0,69.5745282557697,1
144.0,82.79480756460254,1
196.0,112.71894949535164,1
225.0,129.40739834871908,1
289.0,166.2029338216406,1
361.0,207.5887734508186,1
400.0,230.01361835832873,1
529.0,304.315646783721,1
625.0,359.6626315719362,1
729.0,419.6033773669833,1
900.0,518.1966476916402,1
1089.0,627.9377579929857,1
1369.0,789.5127549497316,1
1600.0,922.8713898102029,1
1936.0,1116.9694150649536,1
2401.0,1385.441059751937,1
2916.0,1682.9137108559125,1
3481.0,2009.3517637469183,1
4225.0,2438.8510835215825,1
5184.0,2991.9551198312793,1
6241.0,3602.102978875792,1
7569.0,4363.517126270984,1
9216.0,5312.878362034891,1
11236.0,6476.407778612888,1
13456.0,7755.4998247230515,1
16384.0,9443.0358813034,1
19881.0,11461.25364311795,1
24025.0,13854.606003001478,1
28900.0,16672.38616415121,1
35344.0,20400.203813509826,1
42436.0,24506.087544572576,1
51529.0,29769.46484010264,1
62500.0,36120.838914325606,1
75625.0,43718.81160323687,1
91809.0,53162.90056711721,1
110889.0,64123.70365439911,1
133956.0,77476.02244879382,1
162409.0,93974.49650639891,1
197136.0,114158.59178631102,1
238144.0,138013.57559208747,1
288369.0,167410.57379929343,1
25.0,0.08241040553356302,2
36.0,0.10131556918682423,2
49.0,0.12266282032888089,2
64.0,0.1430928660542245,2
81.0,0.16574585014316953,2
100.0,0.1890422886642324,2
121.0,0.2140727206234903,2
144.0,0.23852275358599903,2
196.0,0.28210650434897944,2
225.0,0.3040349580054589,2
289.0,0.3427186891855766,2
361.0,0.3956779234719697,2
400.0,0.4179577782134724,2
529.0,0.4849243115405345,2
625.0,0.5398553769776989,2
729.0,0.5948865920935874,2
900.0,0.6891667347065232,2
1089.0,0.7894298166941653,2
1369.0,0.9129923694461959,2
1600.0,0.9845571012272868,2
1936.0,1.0946922203522387,2
2401.0,1.221763395132757,2
2916.0,1.3401139050624928,2
3481.0,1.4866783057083304,2
4225.0,1.6712245011840048,2
5184.0,1.8721360359259893,2
6241.0,2.0347575906349693,2
7569.0,2.3084523791758107,2
9216.0,2.5562559820487643,2
11236.0,2.8325247978742865,2
13456.0,3.255713922890196,2
16384.0,3.5773735910870457,2
19881.0,3.9892023031176067,2
24025.0,4.588482934282217,2
28900.0,5.138789003111136,2
35344.0,5.813873713287049,2
42436.0,6.459819928690756,2
51529.0,7.166956223962687,2
62500.0,8.038170390753288,2
75625.0,9.09210156440335,2
91809.0,10.608547390839181,2
110889.0,12.708496314304268,2
133956.0,13.954472792769963,2
162409.0,15.428697875635223,2
197136.0,17.215406077092535,2
238144.0,19.20799659708531,2
288369.0,22.62031653799289,2
25.0,0.08716469769855496,3
36.0,0.10774620048656572,3
49.0,0.13066001572489977,3
64.0,0.15244225509320636,3
81.0,0.17190026641301595,3
100.0,0.1936545451511457,3
121.0,0.21580086822025832,3
144.0,0.23529784774354223,3
196.0,0.28100897705197325,3
225.0,0.3104635731062803,3
289.0,0.357543974196579,3
361.0,0.40904609955386523,3
400.0,0.43518010998501094,3
529.0,0.5144767435744112,3
625.0,0.5721801951949513,3
729.0,0.6338689373183076,3
900.0,0.7100046388356335,3
1089.0,0.7613844700626001,3
1369.0,0.8655428413955346,3
1600.0,0.9737460729621383,3
1936.0,1.1250134496119808,3
2401.0,1.2918368365399746,3
2916.0,1.4495950971147014,3
3481.0,1.636222504436972,3
4225.0,1.814464529682818,3
5184.0,2.032386859217396,3
6241.0,2.2492463746490214,3
7569.0,2.51613952762573,3
9216.0,2.8941268932985014,3
11236.0,3.235994180337568,3
13456.0,3.69369745643813,3
16384.0,4.201924425473308,3
19881.0,4.682727447290253,3
24025.0,5.356982881824378,3
28900.0,5.940619610446173,3
35344.0,6.487825034347507,3
42436.0,7.199969583341208,3
51529.0,7.994521426871566,3
62500.0,9.325589624406138,3
75625.0,10.402570999660277,3
91809.0,11.555936336775758,3
110889.0,12.686206715881584,3
133956.0,14.238363947789624,3
162409.0,16.32245221161408,3
197136.0,19.532634569279157,3
238144.0,22.763619550151642,3
288369.0,25.49562398825723,3
25.0,0.1098161262343619,4
36.0,0.13348155088381866,4
49.0,0.1577653182917479,4
64.0,0.18311609690573416,4
81.0,0.20588284010975805,4
100.0,0.23010387479144429,4
121.0,0.25159285766066014,4
144.0,0.28234977711576376,4
196.0,0.3418289457384294,4
225.0,0.3663064641475438,4
289.0,0.42036668671323496,4
361.0,0.47256387365165486,4
400.0,0.5043549176013201,4
529.0,0.6088660636034641,4
625.0,0.6792054495128913,4
729.0,0.747255617313935,4
900.0,0.8727432412246416,4
1089.0,0.9793807526549202,4
1369.0,1.1815246605279308,4
1600.0,1.3035036468570655,4
1936.0,1.4012883934396414,4
2401.0,1.5622089588376866,4
2916.0,1.7344962932162196,4
3481.0,1.9946684925937714,4
4225.0,2.2394578270078367,4
5184.0,2.4896302208830288,4
6241.0,2.7269448490422157,4
7569.0,2.93303260310175,4
9216.0,3.224534849310552,4
11236.0,3.584003443854782,4
13456.0,4.059532222829975,4
16384.0,4.5585197934281085,4
19881.0,5.21868192964452,4
24025.0,5.729717455913532,4
28900.0,6.54762116236823,4
35344.0,7.340495396087162,4
42436.0,7.894881370264099,4
51529.0,8.650933177449144,4
62500.0,9.997178188792999,4
75625.0,11.126468453489535,4
91809.0,12.874405450912528,4
110889.0,14.394660814968006,4
133956.0,16.335941706154003,4
162409.0,17.889403449548468,4
197136.0,20.428775076800765,4
238144.0,22.801767722585456,4
288369.0,26.821015524893294,4
25.0,0.12028986615119146,5
36.0,0.15043525604666977,5
49.0,0.18029183898428813,5
64.0,0.21180395141137165,5
81.0,0.24901825865790753,5
100.0,0.2861821836526864,5
121.0,0.31988007297831306,5
144.0,0.35214925679021847,5
196.0,0.4013456753221491,5
225.0,0.43242827683536605,5
289.0,0.4963746791010032,5
361.0,0.5734344465878045,5
400.0,0.6093507042733219,5
529.0,0.7410361438252713,5
625.0,0.8212574976478245,5
729.0,0.8995984390917101,5
900.0,1.0372083221023662,5
1089.0,1.1098182439215574,5
1369.0,1.2550752651532626,5
1600.0,1.3979277765097877,5
1936.0,1.5555987655524555,5
2401.0,1.8179463424671383,5
2916.0,1.973558846999204,5
3481.0,2.1565866686286648,5
4225.0,2.4126884637871937,5
5184.0,2.6903540184287773,5
6241.0,2.908678846422625,5
7569.0,3.1760123350914826,5
9216.0,3.6179719571556546,5
11236.0,4.134822886433346,5
13456.0,4.666319771821292,5
16384.0,5.236486810549616,5
19881.0,5.905423226374834,5
24025.0,6.736024455036933,5
28900.0,7.2658699774020175,5
35344.0,8.347065881766724,5
42436.0,9.457753993953997,5
51529.0,10.900215972826754,5
62500.0,11.709545132642202,5
75625.0,12.799057079649598,5
91809.0,15.279189881259095,5
110889.0,16.545127358782434,5
133956.0,18.626546022694413,5
162409.0,21.122623525654696,5
197136.0,22.4228518833379,5
238144.0,25.757962893602663,5
288369.0,31.04773319083609,5
25.0,0.133747286271206,6
36.0,0.1688685644827447,6
49.0,0.20107352223269345,6
64.0,0.2331722052490314,6
81.0,0.26020277315331736,6
100.0,0.29261108954317017,6
121.0,0.3378038580362506,6
144.0,0.3906387073966774,6
196.0,0.48804172404447776,6
225.0,0.5353102008216541,6
289.0,0.6206204779336899,6
361.0,0.6937829276172207,6
400.0,0.7358282011750551,6
529.0,0.8423992912058245,6
625.0,0.9389127696404586,6
729.0,1.0365722262498682,6
900.0,1.2013202832847718,6
1089.0,1.4153588261128058,6
1369.0,1.5915785503829107,6
1600.0,1.7317356821298606,6
1936.0,1.8779068874612705,6
2401.0,2.101623715191462,6
2916.0,2.2820350962979203,6
3481.0,2.528913189677684,6
4225.0,2.9021716951298755,6
5184.0,3.2196042812217445,6
6241.0,3.5884751738877316,6
7569.0,3.861724858503763,6
9216.0,4.121642391524336,6
11236.0,4.519643164703435,6
13456.0,5.1293308283146875,6
16384.0,6.058725576258938,6
19881.0,6.90751579327503,6
24025.0,7.536998661291068,6
28900.0,8.384257388401355,6
35344.0,9.118274379134624,6
42436.0,9.819312552269086,6
51529.0,10.738274119935953,6
62500.0,12.242157134049782,6
75625.0,14.07754976658766,6
91809.0,15.910243938105504,6
110889.0,17.30851680892385,6
133956.0,18.203178553518608,6
162409.0,20.013653173688848,6
197136.0,21.243781998286853,6
238144.0,24.62873410794788,6
288369.0,29.75125807257209,6
25.0,0.14665540765804225,7
36.0,0.17488966182184335,7
49.0,0.20599057534019646,7
64.0,0.24017015097670003,7
81.0,0.2722622121029411,7
100.0,0.30940127323683453,7
121.0,0.3533885903536654,7
144.0,0.3955703513117615,7
196.0,0.48619346883409226,7
225.0,0.5296202982425772,7
289.0,0.6227651794343415,7
361.0,0.7204703824225602,7
400.0,0.7638948122001242,7
529.0,0.9053794441999413,7
625.0,1.0252062433715927,7
729.0,1.1556447247644124,7
900.0,1.3039218995970434,7
1089.0,1.4217860746175848,7
1369.0,1.5520888155977348,7
1600.0,1.690782544546023,7
1936.0,1.9226528766932547,7
2401.0,2.1669473151292085,7
2916.0,2.3912354007504133,7
3481.0,2.6682688195149926,7
4225.0,2.954419887020005,7
5184.0,3.248855130434614,7
6241.0,3.566267138528355,7
7569.0,4.297662327709805,7
9216.0,4.846029315357911,7
11236.0,5.483446149696623,7
13456.0,6.212468201112801,7
16384.0,7.248347151742722,7
19881.0,8.413557500612834,7
24025.0,9.566498661802045,7
28900.0,10.798099000717723,7
35344.0,11.616811950842493,7
42436.0,12.714400425744087,7
51529.0,14.27151455185278,7
62500.0,15.918158945689044,7
75625.0,17.277544092951693,7
91809.0,19.3671450815531,7
110889.0,18.35326181830377,7
133956.0,22.240756582934093,7
162409.0,26.85085449385777,7
197136.0,30.850330295262932,7
238144.0,34.438583278432915,7
288369.0,37.903495747981104,7
25.0,0.1624233968502554,8
36.0,0.20340195957711452,8
49.0,0.24973597656297875,8
64.0,0.2949448914262521,8
81.0,0.33045063217691517,8
100.0,0.36285766485203536,8
121.0,0.403032696340153,8
144.0,0.44932067421250904,8
196.0,0.5464945719511314,8
225.0,0.581240411006058,8
289.0,0.6754921821230054,8
361.0,0.8083184658681852,8
400.0,0.8562729004502541,8
529.0,0.9999703805494372,8
625.0,1.1000449499989349,8
729.0,1.2034515958272691,8
900.0,1.4013456806530484,8
1089.0,1.6564345055374872,8
1369.0,1.8906546015954604,8
1600.0,2.072873577327583,8
1936.0,2.33351147349681,8
2401.0,2.6525725180582755,8
2916.0,3.1712486760577967,8
3481.0,3.6944957121807263,8
4225.0,4.025659608103308,8
5184.0,4.304543934816865,8
6241.0,4.786142634685889,8
7569.0,5.287170361757512,8
9216.0,6.123994542788617,8
11236.0,7.278404488174539,8
13456.0,8.027673725487166,8
16384.0,8.713134877517902,8
19881.0,9.83701635139727,8
24025.0,10.712313403809917,8
28900.0,11.616375330958741,8
35344.0,12.303586906626682,8
42436.0,13.383167263428792,8
51529.0,14.63450473612357,8
62500.0,16.401299127530322,8
75625.0,18.311975877925942,8
91809.0,20.52769885368139,8
110889.0,22.913733138809544,8
133956.0,26.07775546297368,8
162409.0,29.85063877528553,8
197136.0,33.35020455088589,8
238144.0,36.735340028099664,8
288369.0,40.12187141264729,8
25.0,0.18838747154862678,9
36.0,0.2371058238499425,9
49.0,0.2941493599718918,9
64.0,0.34990065178992114,9
81.0,0.4057876218769645,9
100.0,0.4562908288445547,9
121.0,0.5012757648586879,9
144.0,0.5485920691613291,9
196.0,0.6708025075208236,9
225.0,0.7336092317732227,9
289.0,0.8706739052718984,9
361.0,1.0305653270984867,9
400.0,1.1011169068852884,9
529.0,1.2871808034203016,9
625.0,1.4091777326965351,9
729.0,1.4846689174735286,9
900.0,1.5884411907330747,9
1089.0,1.692839436131049,9
1369.0,1.849181155869729,9
1600.0,2.0610934451176175,9
1936.0,2.2981670698035557,9
2401.0,2.6157942874402518,9
2916.0,3.0464325354563613,9
3481.0,3.6391428962321752,9
4225.0,4.213329201584321,9
5184.0,4.644810567991223,9
6241.0,5.132481443076326,9
7569.0,5.384452106147359,9
9216.0,6.204525132561149,9
11236.0,7.187392268037856,9
13456.0,8.009539402464819,9
16384.0,9.669878289451601,9
19881.0,10.687908648935553,9
24025.0,12.105775069725187,9
28900.0,13.290451206592891,9
35344.0,15.21594445381109,9
42436.0,16.407549378997807,9
51529.0,16.24219750756316,9
62500.0,17.710863375284113,9
75625.0,20.091336177665497,9
91809.0,23.620401702623816,9
110889.0,22.32607102825901,9
133956.0,26.32675679597382,9
162409.0,30.299043765662077,9
197136.0,33.62396149336184,9
238144.0,35.50547794110104,9
288369.0,40.08420111556027,9
25.0,0.21240327216471205,10
36.0,0.266158104791651,10
49.0,0.31957598762934636,10
64.0,0.3795707891430382,10
81.0,0.43424414531480854,10
100.0,0.4812317566010151,10
121.0,0.5229918531637646,10
144.0,0.5653684565119937,10
196.0,0.6805719589992467,10
225.0,0.7534925819465819,10
289.0,0.9116036002103619,10
361.0,1.0311507956195054,10
400.0,1.0890497795932463,10
529.0,1.2703143934951366,10
625.0,1.4194180367181157,10
729.0,1.5986443150236365,10
900.0,1.7686551402510775,10
1089.0,2.02801512742273,10
1369.0,2.3824224171354533,10
1600.0,2.6243167936125373,10
1936.0,2.8890114473640165,10
2401.0,3.408537015622116,10
2916.0,3.919832576056462,10
3481.0,4.1662013312400505,10
4225.0,4.595219393371476,10
5184.0,5.282915927739046,10
6241.0,5.879652495513658,10
7569.0,6.319297599240192,10
9216.0,7.362998008206196,10
11236.0,8.18463438387441,10
13456.0,9.257987987627859,10
16384.0,11.10597994356182,10
19881.0,12.563965587241364,10
24025.0,13.76970995813706,10
28900.0,14.833103191100642,10
35344.0,16.075073259462133,10
42436.0,18.671702584259307,10
51529.0,21.37433847197221,10
62500.0,22.83663061784351,10
75625.0,25.174477726597623,10
91809.0,27.91752221981286,10
110889.0,27.438526365528286,10
133956.0,31.50547304409037,10
162409.0,36.99639823392192,10
197136.0,37.71544689606744,10
238144.0,43.8307262034715,10
288369.0,41.68212660257529,10
25.0,0.23089150101314757,11
36.0,0.29305469300876835,11
49.0,0.3672169565144478,11
64.0,0.44898487983164387,11
81.0,0.5321202500741458,11
100.0,0.6073290869107003,11
121.0,0.6745070421473961,11
144.0,0.7432748453956974,11
196.0,0.8744827884261119,11
225.0,0.9301911524994738,11
289.0,1.0456843654419121,11
361.0,1.1811187843934172,11
400.0,1.2574774076942368,11
529.0,1.475309225505248,11
625.0,1.6079955023555543,11
729.0,1.7710752574535864,11
900.0,2.0528967479248106,11
1089.0,2.344996498514882,11
1369.0,2.641824595487064,11
1600.0,2.9248507316201513,11
1936.0,3.384528027926643,11
2401.0,3.84239422726451,11
2916.0,4.119651622554187,11
3481.0,4.376030503041506,11
4225.0,4.9511570190774465,11
5184.0,5.588148608325335,11
6241.0,6.573748752536607,11
7569.0,7.498967208892092,11
9216.0,9.019418826362273,11
11236.0,11.162054226716895,11
13456.0,12.976707295534144,11
16384.0,14.625981837695075,11
19881.0,15.596481865169519,11
24025.0,17.640562141348603,11
28900.0,19.242546304632917,11
35344.0,22.345058530116017,11
42436.0,24.970047318926753,11
51529.0,27.016593465772456,11
62500.0,28.243791643098696,11
75625.0,29.93892447726929,11
91809.0,34.13691959745942,11
110889.0,37.053433944466626,11
133956.0,39.59133574763802,11
162409.0,44.1184376262589,11
197136.0,55.34794505650704,11
238144.0,69.85798862930048,11
288369.0,82.5325684202921,11
25.0,0.2566663220175432,12
36.0,0.3268954234306056,12
49.0,0.3867300757575182,12
64.0,0.4502760872765546,12
81.0,0.5226939032957586,12
100.0,0.6068625978963696,12
121.0,0.6990086733115982,12
144.0,0.7976188531388876,12
196.0,1.001371256894991,12
225.0,1.0927278967757479,12
289.0,1.2870504561257292,12
361.0,1.4298321379946217,12
400.0,1.488059309657404,12
529.0,1.75515896384785,12
625.0,1.9462633262606401,12
729.0,2.1474629235322427,12
900.0,2.414863429092654,12
1089.0,2.6171390094703257,12
1369.0,2.9134262775944024,12
1600.0,3.174715312847169,12
1936.0,3.4491215223457776,12
2401.0,3.716645698924605,12
2916.0,4.044858568720766,12
3481.0,4.572966094892236,12
4225.0,5.4107676604914685,12
5184.0,6.435162229547494,12
6241.0,7.784194267931451,12
7569.0,9.275035591215175,12
9216.0,10.984872407381635,12
11236.0,12.535422998276786,12
13456.0,14.772509241585212,12
16384.0,17.237927715074253,12
19881.0,18.125052796104583,12
24025.0,19.216767081828046,12
28900.0,20.42612600664586,12
35344.0,22.511986991391634,12
42436.0,24.66764264323707,12
51529.0,29.111552052464752,12
62500.0,30.638473217376713,12
75625.0,32.4071960567627,12
91809.0,35.45766915173987,12
110889.0,34.02171400350041,12
133956.0,41.29803111788971,12
162409.0,47.569222822645855,12
197136.0,58.317862630935544,12
238144.0,71.4705564097234,12
288369.0,90.03723406687013,12
25.0,0.2681152714472031,13
36.0,0.347050443947228,13
49.0,0.423339749901544,13
64.0,0.495694306183957,13
81.0,0.5687206864955175,13
100.0,0.6406464933137619,13
121.0,0.7162777475843229,13
144.0,0.8085079649483209,13
196.0,1.0264124248245343,13
225.0,1.1445048270660898,13
289.0,1.37102064487669,13
361.0,1.5991999472677532,13
400.0,1.7215960735867004,13
529.0,2.0312730810210167,13
625.0,2.199959929188849,13
729.0,2.3681164046294763,13
900.0,2.7438455343759482,13
1089.0,3.3220639764573763,13
1369.0,3.8964181371484155,13
1600.0,4.224508424950283,13
1936.0,4.795319208188996,13
2401.0,5.499890244889581,13
2916.0,6.182135821201866,13
3481.0,6.9243241311961015,13
4225.0,7.392762041283727,13
5184.0,8.444999586707917,13
6241.0,9.891641826418498,13
7569.0,10.709684848881167,13
9216.0,12.590796497687535,13
11236.0,14.82538332086717,13
13456.0,17.279283549452664,13
16384.0,19.665967118801014,13
19881.0,21.9696807440369,13
24025.0,24.4414751903655,13
28900.0,26.1661623052276,13
35344.0,28.890520366206765,13
42436.0,32.63766562445748,13
51529.0,36.153813219420144,13
62500.0,39.828823908724665,13
75625.0,46.405742093977835,13
91809.0,51.11242174131823,13
110889.0,59.86469572272673,13
133956.0,69.80689532139526,13
162409.0,71.09935450594188,13
197136.0,85.03202881106479,13
238144.0,104.27012506968198,13
288369.0,125.54011264297472,13
25.0,0.2579508873268688,14
36.0,0.32882535706484356,14
49.0,0.4056725351197824,14
64.0,0.4799873467199745,14
81.0,0.5609934596225699,14
100.0,0.655635786236989,14
121.0,0.7515310345914014,14
144.0,0.8435151364536569,14
196.0,1.0476337601940446,14
225.0,1.1543282953513392,14
289.0,1.3583407526128437,14
361.0,1.5750601839044218,14
400.0,1.693391799873424,14
529.0,2.0234812028413653,14
625.0,2.2399449778318328,14
729.0,2.448419477697739,14
900.0,2.7533706597703245,14
1089.0,2.925178802170693,14
1369.0,3.5180607822453736,14
1600.0,3.9180172496864274,14
1936.0,4.494598152272017,14
2401.0,5.129095321339386,14
2916.0,6.167922045836119,14
3481.0,7.350870898443065,14
4225.0,8.581017847858627,14
5184.0,10.302913542001324,14
6241.0,11.865191317629705,14
7569.0,12.51591112928159,14
9216.0,14.52742679203033,14
11236.0,15.847756033156395,14
13456.0,17.470664960247234,14
16384.0,19.740280836215895,14
19881.0,20.997013450549893,14
24025.0,23.120105026311357,14
28900.0,24.467456791024766,14
35344.0,26.64079967035487,14
42436.0,28.74593628877862,14
51529.0,33.03477852564626,14
62500.0,42.86228885920738,14
75625.0,48.97524848400626,14
91809.0,52.139609244160695,14
110889.0,60.49956402346138,14
133956.0,62.81163187612106,14
162409.0,73.20342141336961,14
197136.0,79.9871283455843,14
238144.0,93.94946181256141,14
288369.0,114.67374293044097,14
25.0,0.3130046872433584,15
36.0,0.4078268183507107,15
49.0,0.5111136049459301,15
64.0,0.6144641617930571,15
81.0,0.7129662667838542,15
100.0,0.8046198867201946,15
121.0,0.8979661620120929,15
144.0,1.0034347957572027,15
196.0,1.2439749717696804,15
225.0,1.369990859765328,15
289.0,1.6188399166121843,15
361.0,1.8816369818415724,15
400.0,2.0108362434822724,15
529.0,2.335598552015738,15
625.0,2.515566122381409,15
729.0,2.7221593102061226,15
900.0,3.049718329352382,15
1089.0,3.2928411112525167,15
1369.0,3.813360469950045,15
1600.0,4.158330719190578,15
1936.0,4.788569992234743,15
2401.0,5.737863891116284,15
2916.0,6.76313098884625,15
3481.0,7.609571464722064,15
4225.0,8.832380919369799,15
5184.0,10.398993327104863,15
6241.0,11.782983698145685,15
7569.0,13.599619627421697,15
9216.0,15.66374809179971,15
11236.0,17.929229579790434,15
13456.0,19.446630065955766,15
16384.0,21.073932563993186,15
19881.0,23.30229350931338,15
24025.0,24.974440456496957,15
28900.0,27.54912522358426,15
35344.0,30.122216416009366,15
42436.0,33.960336337213505,15
51529.0,39.83329395632839,15
62500.0,42.72796054708626,15
75625.0,46.032932137596745,15
91809.0,48.462022250739516,15
110889.0,60.80319714495976,15
133956.0,64.18155250900617,15
162409.0,64.91783760320978,15
197136.0,63.857315016767,15
238144.0,75.41433628099983,15
288369.0,93.58694244844163,15
25.0,0.32096789405008663,16
36.0,0.42050904097979236,16
49.0,0.5330700641393893,16
64.0,0.6496958900333919,16
81.0,0.763393042356096,16
100.0,0.8719034138119744,16
121.0,0.9724002577238853,16
144.0,1.067000633070704,16
196.0,1.2693972906714774,16
225.0,1.383310049392141,16
289.0,1.6306119149236293,16
361.0,1.8951722434096807,16
400.0,2.0315435176996455,16
529.0,2.427899515050679,16
625.0,2.6848885948354524,16
729.0,2.9219430719497774,16
900.0,3.357912873686645,16
1089.0,4.072462362737306,16
1369.0,4.957075863073177,16
1600.0,5.5819397234143135,16
1936.0,6.358523841833634,16
2401.0,7.129583527701726,16
2916.0,7.908772243357455,16
3481.0,8.722535097968532,16
4225.0,9.682010107448777,16
5184.0,10.516622975422148,16
6241.0,11.556236445938675,16
7569.0,14.15921632134625,16
9216.0,15.664391758250327,16
11236.0,17.707231919817726,16
13456.0,19.952060596288266,16
16384.0,23.01638220107705,16
19881.0,26.533943829020576,16
24025.0,30.824664685631042,16
28900.0,33.07785315562234,16
35344.0,37.30810158270072,16
42436.0,39.62272876110366,16
51529.0,39.81311561179189,16
62500.0,45.21893255030471,16
75625.0,47.96463508423376,16
91809.0,50.05069697032148,16
110889.0,56.201963851003,16
133956.0,63.79488252265583,16
162409.0,69.98856511990276,16
197136.0,73.48227985823563,16
238144.0,80.3226766800026,16
288369.0,97.6283899138375,16
25.0,0.31149111797905354,17
36.0,0.4001382492887534,17
49.0,0.4922564225999688,17
64.0,0.5885970174893055,17
81.0,0.6937451308173278,17
100.0,0.8158461634301815,17
121.0,0.9556228202092975,17
144.0,1.109266489023321,17
196.0,1.4298615536340016,17
225.0,1.5899736747281805,17
289.0,1.907611964128868,17
361.0,2.2376343303257227,17
400.0,2.4106617113000803,17
529.0,2.9071904141494977,17
625.0,3.216543303102722,17
729.0,3.5188863708142852,17
900.0,4.041309324819873,17
1089.0,4.526627986308526,17
1369.0,5.265207222655999,17
1600.0,5.7329936162479065,17
1936.0,6.421725960205408,17
2401.0,7.398895945243854,17
2916.0,8.479606315510052,17
3481.0,9.811986799632443,17
4225.0,11.198944348021387,17
5184.0,12.1723378303652,17
6241.0,13.167473886739335,17
7569.0,14.811217571268026,17
9216.0,17.061669005482297,17
11236.0,18.84638326152956,17
13456.0,19.82299361925568,17
16384.0,20.81767543491153,17
19881.0,23.87177358152075,17
24025.0,27.621416104060394,17
28900.0,30.472907315975135,17
35344.0,34.18886408285704,17
42436.0,39.56698884579372,17
51529.0,47.39502664206766,17
62500.0,51.61127891272251,17
75625.0,59.120601175020205,17
91809.0,65.14672589125722,17
110889.0,74.61827199506385,17
133956.0,71.12724109502052,17
162409.0,78.35339993025406,17
197136.0,89.3528636534051,17
238144.0,102.56702901710139,17
288369.0,107.38269010110946,17
25.0,0.3281829231454387,18
36.0,0.42401120113722407,18
49.0,0.5326597318155663,18
64.0,0.6526410095739582,18
81.0,0.7851735903344286,18
100.0,0.9261487063796892,18
121.0,1.0649620681126373,18
144.0,1.1939090042529754,18
196.0,1.4436581827285673,18
225.0,1.5711397004660155,18
289.0,1.8093940227035303,18
361.0,2.0319477552715703,18
400.0,2.139890557526109,18
529.0,2.4853805743091244,18
625.0,2.754488289058899,18
729.0,3.0216123232794057,18
900.0,3.438602700699197,18
1089.0,3.936472328940115,18
1369.0,4.546451156436315,18
1600.0,5.194635203815177,18
1936.0,6.238928018534402,18
2401.0,7.671507597110417,18
2916.0,9.063411738698255,18
3481.0,10.076166245566151,18
4225.0,10.996102008880122,18
5184.0,12.64279676543037,18
6241.0,13.95314231707738,18
7569.0,14.525507033192138,18
9216.0,15.577220208692793,18
11236.0,17.267252252095997,18
13456.0,19.898542868435715,18
16384.0,24.05005944635591,18
19881.0,27.4180979256338,18
24025.0,30.103136363466508,18
28900.0,36.522719354635726,18
35344.0,42.325406301206,18
42436.0,46.34185147440433,18
51529.0,53.17179380723178,18
62500.0,61.6476352897114,18
75625.0,67.62929546071973,18
91809.0,61.907624047876155,18
110889.0,68.57230849961921,18
133956.0,75.2147387319556,18
162409.0,80.90250653072736,18
197136.0,99.52618808035193,18
238144.0,115.34352810774244,18
288369.0,97.13096370186938,18
25.0,0.3191438434136085,19
36.0,0.418841338088603,19
49.0,0.5256052682465914,19
64.0,0.6324763893120972,19
81.0,0.7410876834115617,19
100.0,0.8605556987986954,19
121.0,0.9904958155846025,19
144.0,1.1255513297404132,19
196.0,1.3992924912767648,19
225.0,1.5324668078319605,19
289.0,1.8053736617241118,19
361.0,2.0583644064808375,19
400.0,2.186938820497481,19
529.0,2.6011974178834336,19
625.0,2.932992802371942,19
729.0,3.2665856206586983,19
900.0,3.841896722478464,19
1089.0,4.653861981939753,19
1369.0,5.635709569661344,19
1600.0,6.390244971636085,19
1936.0,7.263806906630885,19
2401.0,8.176682344966707,19
2916.0,9.316629897680244,19
3481.0,10.808085008609504,19
4225.0,12.286295306340937,19
5184.0,14.064239685808172,19
6241.0,15.60961039233274,19
7569.0,17.832991633383823,19
9216.0,20.76660949561505,19
11236.0,24.586506560102602,19
13456.0,27.74487837646739,19
16384.0,30.76362048492183,19
19881.0,34.53627901270547,19
24025.0,38.73216561899784,19
28900.0,42.55446460036292,19
35344.0,45.540175777708285,19
42436.0,50.86818941038864,19
51529.0,58.32679049370121,19
62500.0,66.42662688955627,19
75625.0,74.3929728109483,19
91809.0,80.53085160891698,19
110889.0,78.73505833244776,19
133956.0,86.85046997427952,19
162409.0,90.73098129145154,19
197136.0,107.7959098595828,19
238144.0,135.38372877190048,19
288369.0,171.55298374582017,19
25.0,0.31262905342918973,20
36.0,0.40694836668902823,20
49.0,0.5062620766594527,20
64.0,0.6065095529343135,20
81.0,0.7124547885337056,20
100.0,0.8361645023404244,20
121.0,0.9619430850340327,20
144.0,1.093664889145304,20
196.0,1.364275048755528,20
225.0,1.5001366406763985,20
289.0,1.7697751984860213,20
361.0,2.0310291235269826,20
400.0,2.166794134087704,20
529.0,2.612185247651923,20
625.0,2.9580125846235865,20
729.0,3.307551927137975,20
900.0,3.8797755645395173,20
1089.0,4.767734719303353,20
1369.0,5.805743788579257,20
1600.0,6.645139248346298,20
1936.0,7.746259299739496,20
2401.0,9.086293057051854,20
2916.0,10.447215272416578,20
3481.0,11.9310100605448,20
4225.0,13.784851221147102,20
5184.0,16.297433898654713,20
6241.0,18.61104923702358,20
7569.0,21.009284769589748,20
9216.0,24.15803508272085,20
11236.0,28.595630329824438,20
13456.0,33.218317027401355,20
16384.0,36.78878384027623,20
19881.0,42.0339287183494,20
24025.0,48.46686105768565,20
28900.0,53.14956702026251,20
35344.0,58.40701727836741,20
42436.0,61.580778217825284,20
51529.0,68.4526005384056,20
62500.0,75.1307024022109,20
75625.0,79.52566231592621,20
91809.0,74.85468466938119,20
110889.0,74.63785159021457,20
133956.0,66.10874829289749,20
162409.0,69.6580292425873,20
197136.0,94.43844027764301,20
238144.0,115.75849112972499,20
288369.0,109.13790563058458,20
25.0,0.33793611398031353,21
36.0,0.4516064664798943,21
49.0,0.5685829946722055,21
64.0,0.6926165388950322,21
81.0,0.821388951692689,21
100.0,0.950038890762206,21
121.0,1.0788148810484688,21
144.0,1.2106506488568283,21
196.0,1.517382443301,21
225.0,1.6886660066069608,21
289.0,2.035620840822205,21
361.0,2.4091881697335413,21
400.0,2.608550597338038,21
529.0,3.1647853338388674,21
625.0,3.5282778571898628,21
729.0,3.906913145683879,21
900.0,4.5444329581486835,21
1089.0,5.500646351336135,21
1369.0,6.504961843379786,21
1600.0,7.289506977645643,21
1936.0,8.270873436678317,21
2401.0,9.575322525214453,21
2916.0,11.138299852421472,21
3481.0,12.649597771496612,21
4225.0,14.49377509682745,21
5184.0,16.522862513747693,21
6241.0,18.328027896809072,21
7569.0,20.288234914933277,21
9216.0,22.880336189248162,21
11236.0,25.96668162779856,21
13456.0,30.428039450953417,21
16384.0,35.65182961008016,21
19881.0,40.19223512063115,21
24025.0,44.83333183409576,21
28900.0,48.83780358049422,21
35344.0,50.83549930232217,21
42436.0,53.38730271991835,21
51529.0,61.07537021195871,21
62500.0,69.03079821189247,21
75625.0,77.84375935683734,21
91809.0,94.95114345108524,21
110889.0,83.2402563038953,21
133956.0,85.7541908586353,21
162409.0,98.52570317770942,21
197136.0,125.69420980071732,21
238144.0,149.4587806990603,21
288369.0,180.2058616140815,21
25.0,0.30406278761463207,22
36.0,0.41056049588148075,22
49.0,0.5315703065836769,22
64.0,0.666040488252183,22
81.0,0.8125732094471206,22
100.0,0.9677219679807394,22
121.0,1.123531801820306,22
144.0,1.2799912015509987,22
196.0,1.5989091217771125,22
225.0,1.7532829713962947,22
289.0,2.048655833961985,22
361.0,2.336608611375359,22
400.0,2.4782819554253224,22
529.0,2.913710215744893,22
625.0,3.2523399754381757,22
729.0,3.6129980786423577,22
900.0,4.1737282936456195,22
1089.0,4.30344065904084,22
1369.0,4.962939932795271,22
1600.0,5.645680158337268,22
1936.0,6.744158870500283,22
2401.0,8.157488413240351,22
2916.0,9.4267414455473,22
3481.0,10.66636094763462,22
4225.0,12.108734391426701,22
5184.0,13.854616717764207,22
6241.0,15.722626300415952,22
7569.0,18.613459127928348,22
9216.0,21.236387176521127,22
11236.0,24.813380374981765,22
13456.0,27.84385843777661,22
16384.0,31.188328948245385,22
19881.0,36.350988406593245,22
24025.0,42.489319010505156,22
28900.0,48.11558552482945,22
35344.0,53.61460650223844,22
42436.0,60.2340851927831,22
51529.0,70.04612149266597,22
62500.0,81.11362535299907,22
75625.0,91.11271574608072,22
91809.0,105.3415128201044,22
110889.0,113.60960965789707,22
133956.0,118.38462680512332,22
162409.0,118.73318805551095,22
197136.0,127.76985379227283,22
238144.0,156.7244437450976,22
288369.0,175.15473162651267,22
25.0,0.3285086948911926,23
36.0,0.43250261063849166,23
49.0,0.5437581728922959,23
64.0,0.6611240886279768,23
81.0,0.7785026429286085,23
100.0,0.896626220890212,23
121.0,1.015077796241691,23
144.0,1.148604220726561,23
196.0,1.4377974641393942,23
225.0,1.5933800507781561,23
289.0,1.9245029249188748,23
361.0,2.304244473609626,23
400.0,2.5159715415083235,23
529.0,3.2223253720575986,23
625.0,3.7323593688359322,23
729.0,4.2344307823025975,23
900.0,5.044057391266877,23
1089.0,6.187283500210075,23
1369.0,7.420950738155612,23
1600.0,8.511409347528446,23
1936.0,10.167931522091298,23
2401.0,12.343397315890812,23
2916.0,14.604390235572557,23
3481.0,16.605194347816383,23
4225.0,18.88387689753421,23
5184.0,22.066190456007515,23
6241.0,25.319181830493264,23
7569.0,30.342061694096525,23
9216.0,33.567145431808186,23
11236.0,36.520730085045976,23
13456.0,38.852878370131215,23
16384.0,42.917746928901614,23
19881.0,47.42210639422248,23
24025.0,50.906048707573404,23
28900.0,56.187139181516145,23
35344.0,60.82546536604682,23
42436.0,62.14575344728113,23
51529.0,70.65605871930538,23
62500.0,85.64147483772345,23
75625.0,104.1199214166256,23
91809.0,126.61182267170307,23
110889.0,150.81282720301564,23
133956.0,164.63793417615014,23
162409.0,174.49284467770931,23
197136.0,169.4132388946925,23
238144.0,153.7391689379716,23
288369.0,150.3305308294562,23
25.0,0.34281418284484605,24
36.0,0.4614984261646871,24
49.0,0.5936127740867843,24
64.0,0.7303265254924706,24
81.0,0.8711402371985815,24
100.0,1.0243346962792534,24
121.0,1.1881540989386539,24
144.0,1.3690928365558066,24
196.0,1.7689623077463497,24
225.0,1.9839300487490115,24
289.0,2.436911939489005,24
361.0,2.8867103758741686,24
400.0,3.0958966931283727,24
529.0,3.779768778652562,24
625.0,4.296397002020479,24
729.0,4.866366249956598,24
900.0,5.726783814153351,24
1089.0,6.641600563648493,24
1369.0,7.87515511428808,24
1600.0,8.775245424298651,24
1936.0,9.794943534733902,24
2401.0,11.286137388485367,24
2916.0,13.151925136565856,24
3481.0,15.228407224979435,24
4225.0,17.663590717306576,24
5184.0,20.452153314913115,24
6241.0,23.431383387107516,24
7569.0,23.465306627780343,24
9216.0,26.05128691498802,24
11236.0,28.778440410803842,24
13456.0,31.466593312539032,24
16384.0,35.83444239747633,24
19881.0,40.98995351213946,24
24025.0,46.45945618203838,24
28900.0,53.10714084439205,24
35344.0,62.78183071859938,24
42436.0,70.07759224713098,24
51529.0,74.51671572267846,24
62500.0,76.21933325812611,24
75625.0,84.17270304661548,24
91809.0,95.82585310581482,24
110889.0,108.3248138752528,24
133956.0,110.84585638306669,24
162409.0,113.1944388443596,24
197136.0,114.9500049107419,24
238144.0,119.46131349523428,24
288369.0,126.01524114124464,24
25.0,0.33673293537203874,25
36.0,0.4522251611968114,25
49.0,0.5753026096360138,25
64.0,0.7084752589538362,25
81.0,0.8588614219070309,25
100.0,1.0170249516825554,25
121.0,1.1813739537786823,25
144.0,1.3528742397284694,25
196.0,1.7128746656391831,25
225.0,1.9044616781632513,25
289.0,2.3171491480322013,25
361.0,2.765451788349826,25
400.0,2.9986718087126016,25
529.0,3.7191404435366793,25
625.0,4.180422941405606,25
729.0,4.584988564872093,25
900.0,5.176674068234281,25
1089.0,5.767290991204789,25
1369.0,6.955614971983456,25
1600.0,7.908678525749119,25
1936.0,9.37627101126798,25
2401.0,11.289362293564858,25
2916.0,13.05155189673722,25
3481.0,14.630223730650624,25
4225.0,16.396555524209514,25
5184.0,18.718347808521724,25
6241.0,21.526923070885424,25
7569.0,26.175223779017347,25
9216.0,31.554067245015013,25
11236.0,37.33214655409575,25
13456.0,41.69272928134222,25
16384.0,45.81253608069896,25
19881.0,52.75305090763521,25
24025.0,58.72980483436446,25
28900.0,63.18450087349845,25
35344.0,69.98188139648664,25
42436.0,78.94257769359388,25
51529.0,87.80992900168727,25
62500.0,96.26241785822472,25
75625.0,106.57947629965581,25
91809.0,97.24763800913378,25
110889.0,107.81772497752189,25
133956.0,126.14559394903996,25
162409.0,131.46533805536882,25
197136.0,144.7857778416533,25
238144.0,158.08846726454397,25
288369.0,119.41403731490453,25
25.0,0.33672067920227644,26
36.0,0.452878183085045,26
49.0,0.5818577532932363,26
64.0,0.7122599117774168,26
81.0,0.8446077501260841,26
100.0,0.9806316541220244,26
121.0,1.1314122141538445,26
144.0,1.3014915524126849,26
196.0,1.6743488703249163,26
225.0,1.8647221953709625,26
289.0,2.258569798918084,26
361.0,2.702855784666482,26
400.0,2.9411766607370873,26
529.0,3.7113359113720237,26
625.0,4.2663077906899955,26
729.0,4.79513133424132,26
900.0,5.664720183758166,26
1089.0,6.939904939869243,26
1369.0,8.425463767061633,26
1600.0,9.6750663145577,26
1936.0,11.359166082368112,26
2401.0,13.555647078379579,26
2916.0,15.72617573749409,26
3481.0,17.934723654118827,26
4225.0,20.46663099886496,26
5184.0,23.201519089490557,26
6241.0,25.75976211992911,26
7569.0,28.862964559516247,26
9216.0,33.926549413031154,26
11236.0,40.083915620702975,26
13456.0,46.90564770450002,26
16384.0,53.56828968031435,26
19881.0,60.662636729273814,26
24025.0,68.43745165155387,26
28900.0,79.13141117425,26
35344.0,91.18269210147567,26
42436.0,99.89827862685289,26
51529.0,106.17547504668421,26
62500.0,114.46707140038981,26
75625.0,125.42005254747778,26
91809.0,132.09351616687812,26
110889.0,132.68183572925855,26
133956.0,142.34339374124195,26
162409.0,154.86089787606684,26
197136.0,185.4653342007596,26
238144.0,192.65345336733688,26
288369.0,198.53447198549895,26
25.0,0.33997875658312243,27
36.0,0.4579200931297314,27
49.0,0.5896236562965675,27
64.0,0.7309074421164564,27
81.0,0.8824110186896353,27
100.0,1.0431805108675776,27
121.0,1.2099267503470834,27
144.0,1.385656675708554,27
196.0,1.7386958695542567,27
225.0,1.921731858586568,27
289.0,2.3086612256454884,27
361.0,2.7330132826188547,27
400.0,2.9580007161875606,27
529.0,3.700197099861301,27
625.0,4.209277412699514,27
729.0,4.705271734829689,27
900.0,5.537500056718783,27
1089.0,6.405287475117296,27
1369.0,7.881651563885061,27
1600.0,9.266416587832481,27
1936.0,11.213114418924008,27
2401.0,13.487068925941996,27
2916.0,15.559823929869227,27
3481.0,18.031562773140646,27
4225.0,21.0186154539371,27
5184.0,24.792807667036797,27
6241.0,29.09140970267083,27
7569.0,31.57288094224258,27
9216.0,36.40262851210425,27
11236.0,40.99715951387544,27
13456.0,45.852890588119166,27
16384.0,52.697568410353554,27
19881.0,58.35997797783504,27
24025.0,64.89398616553433,27
28900.0,70.65773235547687,27
35344.0,77.41881680953168,27
42436.0,82.75358908554333,27
51529.0,87.77329268505478,27
62500.0,94.93579266985864,27
75625.0,103.39570842259668,27
91809.0,124.75206535743771,27
110889.0,141.57364097260685,27
133956.0,161.03745211962257,27
162409.0,171.66874722416722,27
197136.0,177.29751825142372,27
238144.0,175.66227096374232,27
288369.0,236.97338189195554,27
25.0,0.34746647297417105,28
36.0,0.4651050345492127,28
49.0,0.6019394584224053,28
64.0,0.7544216631662715,28
81.0,0.9207214559306119,28
100.0,1.0977317634672035,28
121.0,1.277455262848515,28
144.0,1.461208876868876,28
196.0,1.8483700502595655,28
225.0,2.0608453404577856,28
289.0,2.5064189447903233,28
361.0,2.9747971258559565,28
400.0,3.2225141816017664,28
529.0,4.036033662520494,28
625.0,4.586110398190747,28
729.0,5.131396043772266,28
900.0,6.011307045006093,28
1089.0,6.825706588188081,28
1369.0,8.1253810340418,28
1600.0,9.19105722091143,28
1936.0,10.7678307228289,28
2401.0,12.920260968247922,28
2916.0,15.048776938498424,28
3481.0,17.522000649708183,28
4225.0,20.487245504744706,28
5184.0,23.891877023703657,28
6241.0,27.210919797851233,28
7569.0,29.37391251874139,28
9216.0,32.38780573695934,28
11236.0,35.47097578062939,28
13456.0,38.71742705658854,28
16384.0,43.213562802026736,28
19881.0,47.761509061058305,28
24025.0,53.71294849507692,28
28900.0,59.29179542019807,28
35344.0,68.94221457246931,28
42436.0,77.33240071927841,28
51529.0,90.64630405662652,28
62500.0,101.28436809156975,28
75625.0,114.67485840553556,28
91809.0,134.4641989383995,28
110889.0,159.84213317523748,28
133956.0,177.87484968841318,28
162409.0,191.56233607379022,28
197136.0,204.2923234355878,28
238144.0,232.32802144992357,28
288369.0,244.82875206329902,28
25.0,0.35671879385888905,29
36.0,0.47435384468292935,29
49.0,0.6085632336072865,29
64.0,0.7510536205298303,29
81.0,0.8964103825232452,29
100.0,1.0425842944865686,29
121.0,1.1974412526758467,29
144.0,1.3660206892591047,29
196.0,1.738721922072225,29
225.0,1.9283280785248862,29
289.0,2.3145920481725564,29
361.0,2.7302702707275457,29
400.0,2.93750258945336,29
529.0,3.591906920086537,29
625.0,4.054264551232989,29
729.0,4.539693287509264,29
900.0,5.290367011676273,29
1089.0,5.679620586181511,29
1369.0,6.972288662793885,29
1600.0,8.03668183956898,29
1936.0,9.559854044390525,29
2401.0,11.450895729687568,29
2916.0,13.767484533701003,29
3481.0,16.29356567452895,29
4225.0,19.930726837661485,29
5184.0,24.809635039856875,29
6241.0,29.955948363099754,29
7569.0,37.57624876318909,29
9216.0,43.9247215487603,29
11236.0,50.908419803280545,29
13456.0,55.80853300228999,29
16384.0,60.94432791024351,29
19881.0,68.21281752775369,29
24025.0,74.56691485073696,29
28900.0,77.87325389218573,29
35344.0,83.37424338683526,29
42436.0,87.41093889724408,29
51529.0,89.76491051398449,29
62500.0,97.69788178901413,29
75625.0,117.263119519629,29
91809.0,136.95556923376228,29
110889.0,164.7156831966498,29
133956.0,188.9015179791371,29
162409.0,222.00478199441991,29
197136.0,248.15184942167687,29
238144.0,257.4670524465636,29
288369.0,230.40407873660186,29
25.0,0.3523841721712466,30
36.0,0.47433865137651426,30
49.0,0.6103776756672085,30
64.0,0.7517943863562451,30
81.0,0.8986671554358723,30
100.0,1.054323121256964,30
121.0,1.213920860945979,30
144.0,1.3740096647890587,30
196.0,1.7149487085345807,30
225.0,1.893540485675801,30
289.0,2.287422457630905,30
361.0,2.733158756515307,30
400.0,2.97634555700719,30
529.0,3.770625141215688,30
625.0,4.372943498927767,30
729.0,4.975833894929425,30
900.0,5.926077102349481,30
1089.0,6.758659182349503,30
1369.0,8.347039175333007,30
1600.0,9.601299926521405,30
1936.0,11.329418638019296,30
2401.0,13.548185005635908,30
2916.0,15.932960553827332,30
3481.0,18.403002129311588,30
4225.0,21.363840397326086,30
5184.0,24.767820270214273,30
6241.0,28.821317443909667,30
7569.0,36.93621375522286,30
9216.0,44.47140116694844,30
11236.0,53.128545167852245,30
13456.0,60.28104084756022,30
16384.0,68.7005446512695,30
19881.0,78.10746915685537,30
24025.0,90.39665009206327,30
28900.0,102.87393368781329,30
35344.0,113.59304940283334,30
42436.0,122.18526696792803,30
51529.0,128.49879081736202,30
62500.0,140.35501526043794,30
75625.0,160.39540493418744,30
91809.0,168.55189309739276,30
110889.0,172.5967553711321,30
133956.0,173.69705406275304,30
162409.0,174.92202118689534,30
197136.0,179.018032850915,30
238144.0,187.76127399100505,30
288369.0,216.96485279213073,30
25.0,0.3476706076411935,31
36.0,0.4600462759946166,31
49.0,0.5856290977257325,31
64.0,0.716317370509224,31
81.0,0.8520166765009,31
100.0,1.000797357098785,31
121.0,1.1568800539997413,31
144.0,1.3191054439682943,31
196.0,1.665518420990136,31
225.0,1.8455183288828896,31
289.0,2.2376878031738046,31
361.0,2.6520259023090564,31
400.0,2.8663776248865305,31
529.0,3.5340216314980437,31
625.0,4.038774940118284,31
729.0,4.548825740443133,31
900.0,5.418880669977693,31
1089.0,6.292360113410326,31
1369.0,7.651701194203639,31
1600.0,8.762282616506983,31
1936.0,10.351143755271739,31
2401.0,12.369079308950349,31
2916.0,14.750989051053875,31
3481.0,17.037059753545968,31
4225.0,19.938912097064886,31
5184.0,23.715212326485634,31
6241.0,27.0335055495658,31
7569.0,32.862375103727075,31
9216.0,37.46311930554988,31
11236.0,43.36549231528913,31
13456.0,49.10428848888053,31
16384.0,55.65165803819256,31
19881.0,63.23769538235776,31
24025.0,70.79151634308151,31
28900.0,79.70806683286709,31
35344.0,90.94221870546843,31
42436.0,100.2008393880494,31
51529.0,106.83024221702615,31
62500.0,113.54274327254366,31
75625.0,118.79827303708608,31
91809.0,141.28435598408058,31
110889.0,167.57600572251607,31
133956.0,190.40383869640903,31
162409.0,226.26306623481642,31
197136.0,269.7974445730902,31
238144.0,283.3428207503051,31
288369.0,327.5510561882425,31
25.0,0.35334069999013756,32
36.0,0.4655230029978536,32
49.0,0.5761367164838606,32
64.0,0.6870427103129347,32
81.0,0.8164696779798182,32
100.0,0.9613297337872345,32
121.0,1.11586455451124,32
144.0,1.28102983850572,32
196.0,1.6226313442594202,32
225.0,1.8065188416064504,32
289.0,2.2174162306894925,32
361.0,2.6446415530646648,32
400.0,2.855373720470564,32
529.0,3.4730543843769426,32
625.0,3.932568252886587,32
729.0,4.484258004901558,32
900.0,5.376369990088688,32
1089.0,6.2146184319253,32
1369.0,7.486840473653848,32
1600.0,8.455466763853247,32
1936.0,9.951484967081836,32
2401.0,11.960199397144855,32
2916.0,14.066657665673281,32
3481.0,16.504982903379016,32
4225.0,19.61702456509075,32
5184.0,23.386098138699513,32
6241.0,27.26571326336255,32
7569.0,30.182804201962274,32
9216.0,33.89464183100964,32
11236.0,39.21002814101703,32
13456.0,44.90464635026302,32
16384.0,52.88134895583947,32
19881.0,61.45383483671266,32
24025.0,68.32661973631876,32
28900.0,74.14194563459692,32
35344.0,76.78784375446084,32
42436.0,80.02570069191445,32
51529.0,84.09386759373287,32
62500.0,90.54232541893447,32
75625.0,102.32184279884714,32
91809.0,130.92882261640844,32
110889.0,118.7522729516091,32
133956.0,123.73048701483589,32
162409.0,150.0633115726295,32
197136.0,184.88745553926353,32
238144.0,221.22958449987854,32
288369.0,288.5979423682645,32
25.0,0.3635139954520003,33
36.0,0.48894694909363545,33
49.0,0.6218583148799129,33
64.0,0.7593162099958602,33
81.0,0.9077827851952762,33
100.0,1.070703525438462,33
121.0,1.2476321553318022,33
144.0,1.4347455520885177,33
196.0,1.8249996572013774,33
225.0,2.0302600056325093,33
289.0,2.447007716074063,33
361.0,2.8640389724896256,33
400.0,3.0852833313259023,33
529.0,3.823948769469631,33
625.0,4.332844044521668,33
729.0,4.858713695145338,33
900.0,5.7237565426836285,33
1089.0,6.337892605524547,33
1369.0,7.539651330392206,33
1600.0,8.459421709514254,33
1936.0,9.880509843689001,33
2401.0,11.795101820945376,33
2916.0,13.900431900318237,33
3481.0,16.02376680973595,33
4225.0,18.583115525576225,33
5184.0,21.590466337762056,33
6241.0,24.400523720656082,33
7569.0,24.4946396131898,33
9216.0,28.112450253168817,33
11236.0,32.06011760573746,33
13456.0,35.87939656681071,33
16384.0,39.693069427331814,33
19881.0,45.78081439206819,33
24025.0,56.975113601951776,33
28900.0,69.43626849328203,33
35344.0,83.42106890882519,33
42436.0,94.68747084636597,33
51529.0,105.14481326863488,33
62500.0,106.32745662019913,33
75625.0,116.69724763171226,33
91809.0,148.7758238464677,33
110889.0,150.44568987790782,33
133956.0,176.08218088813047,33
162409.0,212.63202715157698,33
197136.0,228.46854917823865,33
238144.0,248.55639371691896,33
288369.0,340.6894436759846,33
25.0,0.3532690535537243,34
36.0,0.46872492351366457,34
49.0,0.6074517868429139,34
64.0,0.7634706468477931,34
81.0,0.9335014694973343,34
100.0,1.110796106782517,34
121.0,1.28856860243776,34
144.0,1.470192468153673,34
196.0,1.8593371971855472,34
225.0,2.056637847534805,34
289.0,2.4543970391091903,34
361.0,2.9027910446335787,34
400.0,3.154142515430034,34
529.0,4.0012273527210915,34
625.0,4.579753782330671,34
729.0,5.158798517160185,34
900.0,6.047101792436692,34
1089.0,7.305701767116626,34
1369.0,8.628772981310291,34
1600.0,9.682226728642565,34
1936.0,11.25399369809638,34
2401.0,13.227681801132617,34
2916.0,15.142812716462139,34
3481.0,17.17483765516557,34
4225.0,19.389420924250572,34
5184.0,22.06229037333953,34
6241.0,25.068307557963657,34
7569.0,27.781664367836743,34
9216.0,32.07970319322341,34
11236.0,36.97820021309978,34
13456.0,41.172282526462546,34
16384.0,45.6367924112442,34
19881.0,51.812486865357855,34
24025.0,62.631666734707814,34
28900.0,75.74911850935669,34
35344.0,88.88103431625572,34
42436.0,102.14925710782431,34
51529.0,116.28903816339053,34
62500.0,131.20876864107322,34
75625.0,145.33489516256995,34
91809.0,166.37934901245066,34
110889.0,176.75456631966657,34
133956.0,187.82425153631797,34
162409.0,190.38491328005534,34
197136.0,219.24318198443405,34
238144.0,250.60772268769892,34
288369.0,338.21419513572516,34
25.0,0.3626095773098213,35
36.0,0.48605560106557466,35
49.0,0.6228736317737359,35
64.0,0.7723142426713945,35
81.0,0.9364688965383297,35
100.0,1.1118772063253126,35
121.0,1.2921898830387677,35
144.0,1.4793745471857742,35
196.0,1.8931339771441464,35
225.0,2.1208514231132254,35
289.0,2.620653365298911,35
361.0,3.1356600614302454,35
400.0,3.40185336759712,35
529.0,4.2384853616359255,35
625.0,4.789015088468407,35
729.0,5.377979703292785,35
900.0,6.304559500087112,35
1089.0,7.492786741403949,35
1369.0,8.984853450948608,35
1600.0,10.192085431792838,35
1936.0,11.786030698405725,35
2401.0,13.786765887397298,35
2916.0,15.64035605454245,35
3481.0,17.472851743630336,35
4225.0,19.68660147690766,35
5184.0,22.744614470312502,35
6241.0,25.453166139737746,35
7569.0,27.807708788927073,35
9216.0,32.822219607083845,35
11236.0,38.84988541545618,35
13456.0,44.83486492110731,35
16384.0,52.34824758747982,35
19881.0,61.11779977507367,35
24025.0,71.49017009632489,35
28900.0,84.96956020487048,35
35344.0,98.97710054283098,35
42436.0,111.45682768706813,35
51529.0,124.60806145491706,35
62500.0,137.27298730676833,35
75625.0,152.85668890157095,35
91809.0,172.6397008245932,35
110889.0,169.09512616168743,35
133956.0,174.02397331229267,35
162409.0,185.20867688575916,35
197136.0,229.82227271294485,35
238144.0,281.7872319460313,35
288369.0,352.4450880494511,35
25.0,0.3754181897991939,36
36.0,0.5052828834589731,36
49.0,0.6533634770238305,36
64.0,0.8105555046693357,36
81.0,0.9840458210139533,36
100.0,1.1696273914007187,36
121.0,1.3625615704066874,36
144.0,1.5629990332141908,36
196.0,1.9731842063621603,36
225.0,2.179399905641424,36
289.0,2.63739864162209,36
361.0,3.1884695131920777,36
400.0,3.487606838574849,36
529.0,4.470811988502732,36
625.0,5.173121238416911,36
729.0,5.8976775500444285,36
900.0,7.074438741010691,36
1089.0,8.460574190227465,36
1369.0,10.29923557063896,36
1600.0,11.686094791235739,36
1936.0,13.601657676103912,36
2401.0,16.071951098235516,36
2916.0,18.866858977053944,36
3481.0,21.550773230313734,36
4225.0,24.653962536427166,36
5184.0,28.10452086550979,36
6241.0,31.818260576121105,36
7569.0,33.62815500901003,36
9216.0,39.080394276571056,36
11236.0,45.180493486001,36
13456.0,51.29985260879799,36
16384.0,59.01539281999256,36
19881.0,69.35344906678718,36
24025.0,81.70197609746575,36
28900.0,92.88400455543243,36
35344.0,105.57527226971085,36
42436.0,116.76420710746054,36
51529.0,125.72018627067935,36
62500.0,136.77036990151169,36
75625.0,145.41751065661353,36
91809.0,160.21623079504232,36
110889.0,168.39593336034164,36
133956.0,169.2241407228632,36
162409.0,170.99110272431142,36
197136.0,220.2602952386593,36
238144.0,299.6721304108325,36
288369.0,354.77743207373396,36
25.0,0.352738280761316,37
36.0,0.47229627224618576,37
49.0,0.6069643768212587,37
64.0,0.7525112844012943,37
81.0,0.9029680985357175,37
100.0,1.058591808441068,37
121.0,1.218045696641465,37
144.0,1.3925605200039568,37
196.0,1.7889681744358108,37
225.0,2.0115657545555856,37
289.0,2.503197184167394,37
361.0,3.033610009314063,37
400.0,3.3113450098238406,37
529.0,4.2714199246248,37
625.0,4.975289820353818,37
729.0,5.696585469279645,37
900.0,6.835465552816862,37
1089.0,8.063762891229771,37
1369.0,9.84803171725522,37
1600.0,11.213441645511109,37
1936.0,13.101350334447028,37
2401.0,15.315936415120223,37
2916.0,17.409105392832597,37
3481.0,19.569552382204982,37
4225.0,22.088286527991553,37
5184.0,25.689730907517625,37
6241.0,30.1049048512814,37
7569.0,31.98620088118964,37
9216.0,37.18525487130842,37
11236.0,43.92895604102703,37
13456.0,51.61547316943397,37
16384.0,60.73527319303669,37
19881.0,72.39814549861424,37
24025.0,86.29229261747608,37
28900.0,101.20694716433543,37
35344.0,110.66697971686456,37
42436.0,121.01146437610105,37
51529.0,133.32733091462308,37
62500.0,149.42798798359323,37
75625.0,170.84556402321022,37
91809.0,202.9944716353457,37
110889.0,218.63110141066852,37
133956.0,217.8412375828909,37
162409.0,225.0770250245247,37
197136.0,223.24914358378825,37
238144.0,234.83302566933926,37
288369.0,252.32910419235824,37
25.0,0.3636340942617064,38
36.0,0.4905453160116399,38
49.0,0.6351798456888911,38
64.0,0.7943704289349256,38
81.0,0.9739716334097567,38
100.0,1.1739868814542382,38
121.0,1.3796534893881185,38
144.0,1.5968729589131028,38
196.0,2.0612491212596167,38
225.0,2.312179763059217,38
289.0,2.859481527194018,38
361.0,3.4852397670438564,38
400.0,3.829515531152423,38
529.0,4.921089932143496,38
625.0,5.723799087893726,38
729.0,6.5545590076654445,38
900.0,7.871193043732978,38
1089.0,8.834946602725273,38
1369.0,10.613912282443835,38
1600.0,11.977580698255027,38
1936.0,13.77613402918521,38
2401.0,16.2386166321366,38
2916.0,18.948948589073364,38
3481.0,21.66278311159411,38
4225.0,25.001925008531042,38
5184.0,29.264366424162134,38
6241.0,33.449246707936105,38
7569.0,36.87150714156776,38
9216.0,42.45519576569807,38
11236.0,49.16389397443262,38
13456.0,56.188139677596936,38
16384.0,65.73454237758492,38
19881.0,76.624019759132,38
24025.0,87.03496349039828,38
28900.0,95.33068418739862,38
35344.0,105.25409173652008,38
42436.0,111.84543752236914,38
51529.0,116.95850275204403,38
62500.0,121.21571448385718,38
75625.0,129.49189393202636,38
91809.0,156.13071447341196,38
110889.0,207.5852890665992,38
133956.0,233.92750698206876,38
162409.0,250.0891397036219,38
197136.0,246.8793721467209,38
238144.0,232.20854995814582,38
288369.0,280.67967566141596,38
25.0,0.3645883809307374,39
36.0,0.4891392200591638,39
49.0,0.6283550195327041,39
64.0,0.7785888645259665,39
81.0,0.945393975952214,39
100.0,1.1284319261877624,39
121.0,1.3211502513619078,39
144.0,1.5304102706602163,39
196.0,1.9863200784164385,39
225.0,2.233265118339104,39
289.0,2.7898804091182416,39
361.0,3.3843498484409174,39
400.0,3.679148236259759,39
529.0,4.6123968910503885,39
625.0,5.2985796654038895,39
729.0,6.01003486332388,39
900.0,7.099437060467339,39
1089.0,8.525325750484255,39
1369.0,10.025694923330573,39
1600.0,11.179887406062774,39
1936.0,12.712963952639956,39
2401.0,14.551915748075382,39
2916.0,16.367249269767274,39
3481.0,18.27369602221549,39
4225.0,20.333832724009245,39
5184.0,22.54429811923598,39
6241.0,25.256006307766178,39
7569.0,31.394455504031818,39
9216.0,37.39127748511317,39
11236.0,44.252521449558834,39
13456.0,50.14395890598238,39
16384.0,57.000118752070726,39
19881.0,63.99036868317428,39
24025.0,74.0110390948469,39
28900.0,86.22738146111263,39
35344.0,100.27593136304822,39
42436.0,115.19873301662938,39
51529.0,131.77014220059874,39
62500.0,149.48883557856058,39
75625.0,161.69837953421447,39
91809.0,180.970081166743,39
110889.0,198.85055963484857,39
133956.0,215.4624032015971,39
162409.0,222.67926233525372,39
197136.0,230.9902100122127,39
238144.0,260.76599010216916,39
288369.0,303.99972039471976,39
25.0,0.3969992816176511,40
36.0,0.5320937261365123,40
49.0,0.6831840672659265,40
64.0,0.8521216558061185,40
81.0,1.0420498035242902,40
100.0,1.2527301313133015,40
121.0,1.4789621054933828,40
144.0,1.714352126536863,40
196.0,2.2220004188340923,40
225.0,2.4979583332300663,40
289.0,3.144637485711847,40
361.0,3.871929717233257,40
400.0,4.240562817545935,40
529.0,5.382951559070736,40
625.0,6.202729954884874,40
729.0,7.060535144714079,40
900.0,8.416689856158325,40
1089.0,10.212104867259198,40
1369.0,12.343983197209486,40
1600.0,14.087553776924866,40
1936.0,16.625539870115418,40
2401.0,19.91489207581059,40
2916.0,23.20376586417826,40
3481.0,26.186177256485184,40
4225.0,29.14033781325403,40
5184.0,32.04438911199997,40
6241.0,35.291430200004385,40
7569.0,40.08051023904669,40
9216.0,44.769130365362216,40
11236.0,49.466112873503114,40
13456.0,53.67103207176058,40
16384.0,58.782311945374786,40
19881.0,64.09172624475875,40
24025.0,70.25933529431369,40
28900.0,77.62337523887922,40
35344.0,91.41741809231392,40
42436.0,109.56174233924534,40
51529.0,129.97635240989158,40
62500.0,149.5845534664802,40
75625.0,170.4221162368421,40
91809.0,217.52601376484753,40
110889.0,275.65836045520933,40
133956.0,310.09729505378135,40
162409.0,328.1121781988686,40
197136.0,352.2922342515128,40
238144.0,395.6128154084695,40
288369.0,525.1227067761824,40
25.0,0.3925310923246237,41
36.0,0.5264933034456944,41
49.0,0.6735899002457407,41
64.0,0.8235376570973804,41
81.0,0.9839835608734193,41
100.0,1.1541439600479253,41
121.0,1.3310152058098248,41
144.0,1.5142775519997371,41
196.0,1.9239817999264295,41
225.0,2.1582874283568367,41
289.0,2.6936533603936925,41
361.0,3.2934532557270173,41
400.0,3.608093315975571,41
529.0,4.60900048905125,41
625.0,5.335205697825841,41
729.0,6.132346910509157,41
900.0,7.436249345695405,41
1089.0,9.436594420584317,41
1369.0,11.602615980626844,41
1600.0,13.246770272312235,41
1936.0,15.42768166484325,41
2401.0,18.064546349841205,41
2916.0,20.677764106572408,41
3481.0,23.598060365752175,41
4225.0,27.05635990038197,41
5184.0,31.143488481683242,41
6241.0,35.172335352799784,41
7569.0,38.64546086185284,41
9216.0,42.893683010558895,41
11236.0,48.16942885298572,41
13456.0,53.31998951240216,41
16384.0,59.692647376492786,41
19881.0,66.41649010448576,41
24025.0,73.17352060089516,41
28900.0,78.83551074997547,41
35344.0,89.55224245025805,41
42436.0,100.6955601625958,41
51529.0,116.25457307541024,41
62500.0,137.87915871591298,41
75625.0,157.08638290210703,41
91809.0,177.3582169865457,41
110889.0,183.54019016533107,41
133956.0,185.7116435213354,41
162409.0,191.4735047776451,41
197136.0,196.6059318207525,41
238144.0,222.90223436260598,41
288369.0,276.0359027883074,41
25.0,0.3605338030245129,42
36.0,0.4867459329999978,42
49.0,0.6336940898927675,42
64.0,0.7945536308944935,42
81.0,0.9666348151517885,42
100.0,1.1503402102076632,42
121.0,1.3421071575241859,42
144.0,1.5404866599414606,42
196.0,1.9581017809403682,42
225.0,2.1844907872731745,42
289.0,2.6859546783141495,42
361.0,3.2377271650379496,42
400.0,3.5365654251531904,42
529.0,4.5511139955530915,42
625.0,5.269920733367254,42
729.0,6.032875030501942,42
900.0,7.2635799277275765,42
1089.0,9.185733066718695,42
1369.0,11.238493290711222,42
1600.0,12.93750529107847,42
1936.0,15.28912174334505,42
2401.0,18.095426393025665,42
2916.0,20.859041989404854,42
3481.0,23.455515644866946,42
4225.0,26.356674384740234,42
5184.0,29.045310425000917,42
6241.0,31.281719065629616,42
7569.0,34.277535992455995,42
9216.0,38.225818739538845,42
11236.0,44.41595804465783,42
13456.0,50.730734642424316,42
16384.0,58.00035883677124,42
19881.0,68.88318485636056,42
24025.0,82.13783271992602,42
28900.0,93.58040968849416,42
35344.0,104.99578353143788,42
42436.0,114.89060676283529,42
51529.0,126.1178103509404,42
62500.0,137.92508533593852,42
75625.0,149.16243967070326,42
91809.0,159.21600770507916,42
110889.0,209.45297086090045,42
133956.0,231.43167311957646,42
162409.0,267.4981206729793,42
197136.0,293.7350534281425,42
238144.0,310.1464425691565,42
288369.0,308.9995286326923,42
25.0,0.37509653255466063,43
36.0,0.5051507823716268,43
49.0,0.6521182277642953,43
64.0,0.8074322289438437,43
81.0,0.9672163337706792,43
100.0,1.1393024559997178,43
121.0,1.3181738170729616,43
144.0,1.5098182524516068,43
196.0,1.9092670661565774,43
225.0,2.1204391075501583,43
289.0,2.571099820665639,43
361.0,3.077382471490377,43
400.0,3.338512789284765,43
529.0,4.161456669131264,43
625.0,4.76989642518892,43
729.0,5.456407370673508,43
900.0,6.60473066521954,43
1089.0,7.910314983710103,43
1369.0,9.775365248268951,43
1600.0,11.219578234710255,43
1936.0,12.964350500766802,43
2401.0,15.02918246034247,43
2916.0,17.35117373554049,43
3481.0,19.662476305751245,43
4225.0,22.418913305194543,43
5184.0,25.425015305911597,43
6241.0,28.502774559130398,43
7569.0,28.939981116132053,43
9216.0,32.8380167370571,43
11236.0,37.399746007398136,43
13456.0,42.813149445379686,43
16384.0,50.25794107177292,43
19881.0,58.382545187940025,43
24025.0,67.35714968735384,43
28900.0,75.46029197234846,43
35344.0,86.27531720046811,43
42436.0,99.6915218310023,43
51529.0,112.42577338973247,43
62500.0,126.67840384917527,43
75625.0,137.02039570376834,43
91809.0,131.32095857753527,43
110889.0,138.56027321284492,43
133956.0,165.16709293092615,43
162409.0,196.52727953565133,43
197136.0,217.44205810441906,43
238144.0,229.6185994812456,43
288369.0,241.32658727059808,43
25.0,0.35626198730533115,44
36.0,0.4783952507376041,44
49.0,0.6095811854206529,44
64.0,0.7426605677952607,44
81.0,0.8877537123722027,44
100.0,1.0484267206833808,44
121.0,1.220972955727967,44
144.0,1.4027293424766687,44
196.0,1.8286578737184926,44
225.0,2.06473160653069,44
289.0,2.5684618376460464,44
361.0,3.1027994243623307,44
400.0,3.3704767108877562,44
529.0,4.3061114421282065,44
625.0,4.990095281551291,44
729.0,5.667704347062384,44
900.0,6.736745396251474,44
1089.0,7.938074650302862,44
1369.0,9.652929747189878,44
1600.0,11.016320286419145,44
1936.0,12.944296411042666,44
2401.0,15.459151542882076,44
2916.0,18.105652857990084,44
3481.0,20.69408775699414,44
4225.0,23.999219684920913,44
5184.0,27.99700426132235,44
6241.0,32.26704113446974,44
7569.0,37.53154396196017,44
9216.0,43.105105411072216,44
11236.0,49.56153895256263,44
13456.0,55.87886026833054,44
16384.0,63.57484480749976,44
19881.0,73.47456566876252,44
24025.0,82.99931565341716,44
28900.0,91.27973567674805,44
35344.0,99.55449235538694,44
42436.0,109.13469892666315,44
51529.0,120.57693305519608,44
62500.0,134.5956187322161,44
75625.0,143.32874957714904,44
91809.0,156.8430950092619,44
110889.0,150.60486167680287,44
133956.0,149.66712411346097,44
162409.0,142.95270156548028,44
197136.0,168.4393110115769,44
238144.0,221.6687436814825,44
288369.0,267.5900788043874,44
25.0,0.3996883187579417,45
36.0,0.5437677363819303,45
49.0,0.7075461599418843,45
64.0,0.8834964230866681,45
81.0,1.0692267265849815,45
100.0,1.2655070855915442,45
121.0,1.4736444734590075,45
144.0,1.7002260826855462,45
196.0,2.179714455517005,45
225.0,2.438422848638933,45
289.0,2.9885523611992486,45
361.0,3.577091427433276,45
400.0,3.8950502140694536,45
529.0,4.945827914330731,45
625.0,5.697253812093758,45
729.0,6.452141651704135,45
900.0,7.5198690997358275,45
1089.0,8.466742796223551,45
1369.0,9.967660328758026,45
1600.0,11.209298416462415,45
1936.0,12.959971596008302,45
2401.0,15.405416219642573,45
2916.0,17.984205291356016,45
3481.0,20.507905021847847,45
4225.0,23.501550835324295,45
5184.0,27.739414249940232,45
6241.0,32.22695959489718,45
7569.0,40.2429857973531,45
9216.0,46.96830338222569,45
11236.0,53.551019022684805,45
13456.0,59.219100991545005,45
16384.0,65.58700445376613,45
19881.0,72.52959548584853,45
24025.0,82.5516319112838,45
28900.0,93.01285068878188,45
35344.0,106.26354968895677,45
42436.0,120.61528843310134,45
51529.0,138.11418367346394,45
62500.0,155.4868019538954,45
75625.0,170.3990587490965,45
91809.0,184.5426446065794,45
110889.0,173.8442652152025,45
133956.0,196.40550402325619,45
162409.0,215.1029079483371,45
197136.0,230.5032462474695,45
238144.0,256.1695984008369,45
288369.0,227.87413660351507,45
25.0,0.3555774591500674,46
36.0,0.4870748243009883,46
49.0,0.6376950764395031,46
64.0,0.8043739157965931,46
81.0,0.9786039323247896,46
100.0,1.1684215063822334,46
121.0,1.3672909804706002,46
144.0,1.5825188163261343,46
196.0,2.0589624018912946,46
225.0,2.299020490964385,46
289.0,2.801646187720625,46
361.0,3.3504776794624265,46
400.0,3.6391551000077986,46
529.0,4.626165133198478,46
625.0,5.347879243575382,46
729.0,6.082231515639049,46
900.0,7.263918203144,46
1089.0,9.013535916485502,46
1369.0,10.834760868410767,46
1600.0,12.173629505902472,46
1936.0,13.989610033716788,46
2401.0,16.556263321356145,46
2916.0,19.276773394870222,46
3481.0,22.398349446635805,46
4225.0,26.349143981495025,46
5184.0,31.20728872248475,46
6241.0,36.12111889805841,46
7569.0,41.48016366618594,46
9216.0,47.250840635945,46
11236.0,52.57883623041313,46
13456.0,58.055582335661185,46
16384.0,65.09470462232352,46
19881.0,73.79590232179596,46
24025.0,82.49456641834891,46
28900.0,91.01944810040172,46
35344.0,102.28231922266754,46
42436.0,111.24633570261986,46
51529.0,123.24147181629817,46
62500.0,133.33254569672619,46
75625.0,144.5622010231072,46
91809.0,149.68523569641033,46
110889.0,138.54570220870846,46
133956.0,159.85007367932488,46
162409.0,176.7007992848174,46
197136.0,181.26718085822446,46
238144.0,173.44301117692575,46
288369.0,189.30461630598518,46
25.0,0.3779670266307668,47
36.0,0.508884174301241,47
49.0,0.6611188070011169,47
64.0,0.8269960420038802,47
81.0,1.0060992287719874,47
100.0,1.1947711862234272,47
121.0,1.3970977599420091,47
144.0,1.6167657153171875,47
196.0,2.0794275893901566,47
225.0,2.3158445223563797,47
289.0,2.841122508786421,47
361.0,3.434029692231671,47
400.0,3.7493246312731108,47
529.0,4.744976202276691,47
625.0,5.417717346288943,47
729.0,6.119893452683302,47
900.0,7.28026822173671,47
1089.0,8.875997266051485,47
1369.0,10.69560969383362,47
1600.0,12.132137665797096,47
1936.0,13.895154806859347,47
2401.0,16.307285474951488,47
2916.0,19.124472872241185,47
3481.0,21.986482068568034,47
4225.0,25.787740975691854,47
5184.0,30.605846551854235,47
6241.0,36.06906508010043,47
7569.0,44.353978926759474,47
9216.0,51.36511174060685,47
11236.0,60.75642784501279,47
13456.0,71.12326160691619,47
16384.0,81.78417846867352,47
19881.0,90.33970324427816,47
24025.0,97.03126142145845,47
28900.0,102.63902558886636,47
35344.0,111.0477117827775,47
42436.0,120.43282050472067,47
51529.0,129.71371613075948,47
62500.0,136.30219448058705,47
75625.0,135.17768314932172,47
91809.0,146.80884780135193,47
110889.0,172.85456958840152,47
133956.0,198.6121069912563,47
162409.0,216.83415815817986,47
197136.0,234.03349405213024,47
238144.0,248.2192788628438,47
288369.0,286.4647251531212,47
25.0,0.3613892230021458,48
36.0,0.4982665718165763,48
49.0,0.6558947944120314,48
64.0,0.8227159211860163,48
81.0,1.001443491932157,48
100.0,1.1977528986135808,48
121.0,1.407788665182316,48
144.0,1.6280205596232507,48
196.0,2.092526987872049,48
225.0,2.349466720621057,48
289.0,2.901637794152568,48
361.0,3.52442131519262,48
400.0,3.8552305426457667,48
529.0,4.891362812973687,48
625.0,5.616317245745247,48
729.0,6.356051830999296,48
900.0,7.543666641572368,48
1089.0,8.958308162276275,48
1369.0,10.747842196148012,48
1600.0,12.110023976236585,48
1936.0,14.044419752804815,48
2401.0,16.741920362076378,48
2916.0,19.39664885438815,48
3481.0,22.189093695241933,48
4225.0,25.694000303584193,48
5184.0,30.16345086672468,48
6241.0,34.976739172257936,48
7569.0,41.315894287695365,48
9216.0,46.09798710625144,48
11236.0,50.34558511075957,48
13456.0,54.567981067407096,48
16384.0,60.138702869838674,48
19881.0,65.49820428172036,48
24025.0,72.84753267512193,48
28900.0,83.39606671767837,48
35344.0,100.05177275481381,48
42436.0,116.73144755863514,48
51529.0,131.7402624104239,48
62500.0,140.0714852165015,48
75625.0,147.31227507038668,48
91809.0,137.27333092143405,48
110889.0,171.448632435617,48
133956.0,176.05032419628625,48
162409.0,182.11558935013167,48
197136.0,209.0881682816081,48
238144.0,242.12890471500563,48
288369.0,237.9942667701884,48
25.0,0.3952606436547182,49
36.0,0.5313161997601279,49
49.0,0.6872302325043892,49
64.0,0.8608115696456882,49
81.0,1.053561821104719,49
100.0,1.2588054359374004,49
121.0,1.4711484683287432,49
144.0,1.6959378688210929,49
196.0,2.191272810103008,49
225.0,2.448255609471899,49
289.0,3.0056057621850902,49
361.0,3.6021202544995323,49
400.0,3.9204479104197913,49
529.0,4.95067212568596,49
625.0,5.656544415886415,49
729.0,6.404989068037435,49
900.0,7.600893515056468,49
1089.0,9.052646288742695,49
1369.0,10.883945269516879,49
1600.0,12.340539142654134,49
1936.0,14.321727608740254,49
2401.0,16.812622736806144,49
2916.0,19.12276632767025,49
3481.0,21.585445057403575,49
4225.0,24.696773712095023,49
5184.0,28.575634696808038,49
6241.0,32.9467009352553,49
7569.0,39.05251444593853,49
9216.0,44.2499733684197,49
11236.0,50.46855019059873,49
13456.0,55.99786409993501,49
16384.0,60.94627962748227,49
19881.0,67.75344553459018,49
24025.0,74.63892046880822,49
28900.0,83.15692758093729,49
35344.0,95.04294147781947,49
42436.0,105.96562669659849,49
51529.0,113.91977397107341,49
62500.0,124.53015578796298,49
75625.0,148.31299871907476,49
91809.0,157.6193550547871,49
110889.0,177.96892536181198,49
133956.0,176.66624378010977,49
162409.0,187.89381068866211,49
197136.0,229.2304834780983,49
238144.0,245.5843505762704,49
288369.0,248.5458408797152,49
25.0,0.40390882879953927,50
36.0,0.5494372528330937,50
49.0,0.7181089255027496,50
64.0,0.8978019005590278,50
81.0,1.0938687757101377,50
100.0,1.3044145363372763,50
121.0,1.5285392350438762,50
144.0,1.769680203535849,50
196.0,2.287828923469677,50
225.0,2.566799443104141,50
289.0,3.162714358479801,50
361.0,3.779284390287671,50
400.0,4.094633997709017,50
529.0,5.151062730434371,50
625.0,5.9348907538461875,50
729.0,6.741647936767005,50
900.0,8.010591324245064,50
1089.0,8.921925811584686,50
1369.0,10.565556259117757,50
1600.0,11.850533619580377,50
1936.0,13.530535179980362,50
2401.0,15.804139420430001,50
2916.0,18.160135898723198,50
3481.0,20.423051929802654,50
4225.0,22.977603554678627,50
5184.0,25.95291806193212,50
6241.0,29.172231450771463,50
7569.0,34.81817840357885,50
9216.0,39.220082984198164,50
11236.0,44.34721999074871,50
13456.0,49.40084143008969,50
16384.0,56.201872214835305,50
19881.0,63.39911707566497,50
24025.0,70.83199119376262,50
28900.0,80.0400139782511,50
35344.0,90.20827299559735,50
42436.0,101.75722836132745,50
51529.0,115.08122990327259,50
62500.0,126.07579545100707,50
75625.0,136.44516504849625,50
91809.0,152.2297946474242,50
110889.0,154.62143658717895,50
133956.0,158.2755989923089,50
162409.0,186.67703936598764,50
197136.0,212.18614750307634,50
238144.0,237.8667286759411,50
288369.0,319.226863517248,50
25.0,0.3765499331083891,51
36.0,0.5051216832187825,51
49.0,0.6511879695430592,51
64.0,0.8133593690680365,51
81.0,0.9839140825767918,51
100.0,1.1622188787833072,51
121.0,1.3532074610591942,51
144.0,1.5655855850135756,51
196.0,2.049509785677463,51
225.0,2.3103282540471044,51
289.0,2.8818209183799737,51
361.0,3.5286180967944065,51
400.0,3.879229174616947,51
529.0,5.031221621672455,51
625.0,5.830292230248833,51
729.0,6.640325267216569,51
900.0,7.864139616532271,51
1089.0,9.126999859573509,51
1369.0,10.901860841271976,51
1600.0,12.282903632546917,51
1936.0,14.122919530855418,51
2401.0,16.59771438778807,51
2916.0,19.144936992664316,51
3481.0,21.97208970856179,51
4225.0,25.56378956445238,51
5184.0,29.801580909166884,51
6241.0,33.90285598703035,51
7569.0,35.27623878401913,51
9216.0,40.15768372959939,51
11236.0,45.44689271661963,51
13456.0,50.53881786787175,51
16384.0,55.31398056838881,51
19881.0,58.86441544585688,51
24025.0,63.245094808023374,51
28900.0,70.85871267868343,51
35344.0,80.4342588261072,51
42436.0,91.77361396418073,51
51529.0,104.16569342963871,51
62500.0,112.50078842293813,51
75625.0,122.00483231838402,51
91809.0,130.9211217524595,51
110889.0,162.45558230559155,51
133956.0,173.8474216025996,51
162409.0,176.5814296787881,51
197136.0,173.57504043562554,51
238144.0,180.46267504482947,51
288369.0,182.55041143553137,51
25.0,0.4108198312247107,52
36.0,0.5527361594177457,52
49.0,0.7127522236682684,52
64.0,0.8859830184407507,52
81.0,1.0777446588172082,52
100.0,1.2863152625924892,52
121.0,1.51452724897387,52
144.0,1.7533689068337188,52
196.0,2.2567895488518412,52
225.0,2.5185933807278382,52
289.0,3.0645171266173015,52
361.0,3.646328466056028,52
400.0,3.9452247638646876,52
529.0,4.940231396156423,52
625.0,5.64201162886232,52
729.0,6.344551307367051,52
900.0,7.445173865167659,52
1089.0,8.860169743550259,52
1369.0,10.577817362799545,52
1600.0,11.94498939486672,52
1936.0,13.999968246923256,52
2401.0,16.86992544309047,52
2916.0,20.06607510530661,52
3481.0,23.421841833036588,52
4225.0,27.917083724202644,52
5184.0,33.48437915136062,52
6241.0,39.28837998421202,52
7569.0,48.280683777685944,52
9216.0,56.38062667201102,52
11236.0,65.36438068904647,52
13456.0,74.13755672905799,52
16384.0,85.15064250001913,52
19881.0,99.44394708435865,52
24025.0,115.78106529177549,52
28900.0,128.96226171602817,52
35344.0,139.8897594649703,52
42436.0,145.8171777086261,52
51529.0,149.06032427752996,52
62500.0,153.68679700612705,52
75625.0,160.35224271354417,52
91809.0,189.5361787438286,52
110889.0,201.56216801451896,52
133956.0,245.233050121543,52
162409.0,301.218512196847,52
197136.0,314.8622084017272,52
238144.0,312.311026206423,52
288369.0,298.12949487423316,52
25.0,0.39281680992967705,53
36.0,0.5330695660217072,53
49.0,0.6925211036356469,53
64.0,0.8576373556095284,53
81.0,1.0355365353964994,53
100.0,1.2251492486921522,53
121.0,1.4209527252198983,53
144.0,1.6236986137837155,53
196.0,2.038489112923043,53
225.0,2.2446016101935715,53
289.0,2.687150253881922,53
361.0,3.18623374503484,53
400.0,3.447434823601204,53
529.0,4.3106406967170114,53
625.0,4.914711328206212,53
729.0,5.582725712656543,53
900.0,6.6555140870222464,53
1089.0,7.627170473245669,53
1369.0,9.345771443486088,53
1600.0,10.732753351591695,53
1936.0,12.677624297023282,53
2401.0,15.391905503252804,53
2916.0,18.161304242282405,53
3481.0,21.264882765518074,53
4225.0,24.881967904198063,53
5184.0,29.0835403861482,53
6241.0,33.47942763412158,53
7569.0,39.98033765254415,53
9216.0,45.32850051336375,53
11236.0,51.66538499364263,53
13456.0,58.59908590840679,53
16384.0,69.59105315038808,53
19881.0,83.00033478922609,53
24025.0,95.19400379849641,53
28900.0,105.53742979370816,53
35344.0,119.53345002430487,53
42436.0,133.89879348012346,53
51529.0,150.52656990791613,53
62500.0,171.59778157661037,53
75625.0,195.07740852849173,53
91809.0,224.00943772506005,53
110889.0,236.92419307577174,53
133956.0,275.0652069596558,53
162409.0,333.32704568048325,53
197136.0,397.6947862123106,53
238144.0,436.76847330746455,53
288369.0,464.81619446201125,53
25.0,0.36485301089483474,54
36.0,0.4810553038338508,54
49.0,0.6105320816654131,54
64.0,0.7581938613170417,54
81.0,0.9168271526219637,54
100.0,1.0876173964095002,54
121.0,1.2697188108207527,54
144.0,1.4711187563610575,54
196.0,1.922242580277962,54
225.0,2.1637681584008113,54
289.0,2.6797350529285984,54
361.0,3.2222953229500857,54
400.0,3.5001011072589545,54
529.0,4.385026848202683,54
625.0,5.011217190206502,54
729.0,5.664973607671513,54
900.0,6.697436993185852,54
1089.0,7.786167292463168,54
1369.0,9.493358996567622,54
1600.0,10.896497401148588,54
1936.0,12.989283365911747,54
2401.0,15.798692541129702,54
2916.0,19.104257662338775,54
3481.0,22.625008590528097,54
4225.0,26.896607503220043,54
5184.0,31.7336674729009,54
6241.0,36.23317563109902,54
7569.0,41.688230863142934,54
9216.0,48.29196362852452,54
11236.0,57.15922692482218,54
13456.0,66.71373702658336,54
16384.0,77.98924605145518,54
19881.0,90.93978009310078,54
24025.0,105.83923600417889,54
28900.0,118.81511055999104,54
35344.0,135.17103714811344,54
42436.0,155.10926695444488,54
51529.0,176.74430752227295,54
62500.0,194.019751678661,54
75625.0,207.37797977875994,54
91809.0,211.33158569781148,54
110889.0,258.0224740924605,54
133956.0,264.69345629298795,54
162409.0,272.1404713130668,54
197136.0,320.80205197624167,54
238144.0,388.9344449950586,54
288369.0,426.8426775692003,54
25.0,0.3684069497830035,55
36.0,0.49579758060823614,55
49.0,0.6388228855579462,55
64.0,0.7939203651021046,55
81.0,0.9664114821412696,55
100.0,1.1641476663801644,55
121.0,1.375864914645758,55
144.0,1.6052986182373332,55
196.0,2.0947102807288736,55
225.0,2.3487440270396873,55
289.0,2.87786033582315,55
361.0,3.4478123202477304,55
400.0,3.7515101551756915,55
529.0,4.706337477395128,55
625.0,5.374529188432671,55
729.0,6.086250335862897,55
900.0,7.30346593385873,55
1089.0,8.07977817594505,55
1369.0,9.646688650178048,55
1600.0,10.8453649637635,55
1936.0,12.494445211076297,55
2401.0,14.712529737790913,55
2916.0,16.92056616777183,55
3481.0,19.3249010308237,55
4225.0,22.31667716535442,55
5184.0,25.764454421703007,55
6241.0,29.8269369350941,55
7569.0,37.03515384572351,55
9216.0,43.70311321070217,55
11236.0,51.96271424597403,55
13456.0,60.87150367568847,55
16384.0,71.70670985486585,55
19881.0,83.97118562783028,55
24025.0,96.01980547030195,55
28900.0,103.95394778941022,55
35344.0,113.1049199198864,55
42436.0,127.94554362454794,55
51529.0,142.86453160376448,55
62500.0,153.36014400588994,55
75625.0,165.58412184264606,55
91809.0,156.54389120526648,55
110889.0,174.71284073309835,55
133956.0,186.01033625258415,55
162409.0,220.05733238843638,55
197136.0,251.0679030594616,55
238144.0,307.6588107288928,55
288369.0,332.29558533737327,55
25.0,0.3816562886389559,56
36.0,0.5265438204927386,56
49.0,0.6848245585309606,56
64.0,0.8477249929332858,56
81.0,1.0155971637989323,56
100.0,1.2003387318716867,56
121.0,1.3962212184275018,56
144.0,1.608663287602403,56
196.0,2.0658645622610154,56
225.0,2.302858511562137,56
289.0,2.805207513149655,56
361.0,3.3470108433550583,56
400.0,3.640201754793497,56
529.0,4.607476841520933,56
625.0,5.299310452664427,56
729.0,5.990951831294964,56
900.0,7.02965282464348,56
1089.0,7.965768107949386,56
1369.0,9.508589105332804,56
1600.0,10.71043769131032,56
1936.0,12.29105152417535,56
2401.0,14.14223709233107,56
2916.0,16.072589278066037,56
3481.0,18.151655066322505,56
4225.0,20.725466222083764,56
5184.0,23.995257204761224,56
6241.0,27.500507537587715,56
7569.0,33.84085732675296,56
9216.0,40.44330314119394,56
11236.0,49.67684394009272,56
13456.0,58.90330098173207,56
16384.0,70.43191199125866,56
19881.0,81.85251922013555,56
24025.0,93.21821468333994,56
28900.0,102.30959541685624,56
35344.0,115.28339003298633,56
42436.0,127.49953274395287,56
51529.0,139.5609323814943,56
62500.0,148.7031640764712,56
75625.0,159.83955549632802,56
91809.0,160.08668878172065,56
110889.0,196.52037185855704,56
133956.0,230.55242683250822,56
162409.0,268.7320155921497,56
197136.0,284.80779068052783,56
238144.0,299.67197512449775,56
288369.0,316.2458442934435,56
25.0,0.3976795317711179,57
36.0,0.5415249586364052,57
49.0,0.7119680083335231,57
64.0,0.8933040269409589,57
81.0,1.0875297827431787,57
100.0,1.2967533501330206,57
121.0,1.5257800043468976,57
144.0,1.7813671954036834,57
196.0,2.3398690261288935,57
225.0,2.6373034652206275,57
289.0,3.265290122603479,57
361.0,3.9420993759959133,57
400.0,4.2980524860176565,57
529.0,5.431544338561336,57
625.0,6.278619502931525,57
729.0,7.144958850577635,57
900.0,8.506022379852293,57
1089.0,10.216555897854835,57
1369.0,12.351424117513414,57
1600.0,13.978037015802794,57
1936.0,16.238973565844006,57
2401.0,19.083412019070014,57
2916.0,21.772024465209164,57
3481.0,24.32556002354795,57
4225.0,27.346937323935364,57
5184.0,30.733576998418876,57
6241.0,34.24932582223574,57
7569.0,39.48743824520688,57
9216.0,44.51093684608038,57
11236.0,50.71274432710366,57
13456.0,57.78045007326485,57
16384.0,67.01391327774549,57
19881.0,74.48439978731587,57
24025.0,82.17800360626478,57
28900.0,93.39211913842044,57
35344.0,108.73546746935847,57
42436.0,121.88997090316691,57
51529.0,133.42689260195897,57
62500.0,149.02842450324903,57
75625.0,169.02248519053308,57
91809.0,169.18951771653406,57
110889.0,182.73502019759152,57
133956.0,199.2232141043438,57
162409.0,227.78926730375338,57
197136.0,261.8585593468673,57
238144.0,300.19662331263913,57
288369.0,358.7950448374441,57
25.0,0.38677383508200247,58
36.0,0.5247458150408716,58
49.0,0.6822301224807572,58
64.0,0.8531167698810049,58
81.0,1.0360104931837457,58
100.0,1.2360666080871148,58
121.0,1.4505298514319285,58
144.0,1.6898142034720476,58
196.0,2.2324466577921025,58
225.0,2.523706980769886,58
289.0,3.1517458075411326,58
361.0,3.8184431761618876,58
400.0,4.164037888530783,58
529.0,5.284335581795051,58
625.0,6.093053282109334,58
729.0,6.943153708866762,58
900.0,8.232634923476754,58
1089.0,9.180570376777728,58
1369.0,10.86013644138024,58
1600.0,12.225288536682669,58
1936.0,14.069576346981375,58
2401.0,16.52563446752969,58
2916.0,19.17550511645338,58
3481.0,21.8328059759778,58
4225.0,24.856484828485435,58
5184.0,28.727826663393213,58
6241.0,32.914921087532726,58
7569.0,39.689351154144966,58
9216.0,45.49440244966853,58
11236.0,51.71736465660914,58
13456.0,58.25072475071695,58
16384.0,65.04411152460787,58
19881.0,73.31599184537292,58
24025.0,83.15066598496148,58
28900.0,93.44835355083157,58
35344.0,104.63117204626872,58
42436.0,117.20531795162978,58
51529.0,127.4545340059273,58
62500.0,138.88763729788036,58
75625.0,151.08934591248564,58
91809.0,185.19278114093618,58
110889.0,207.85324802836274,58
133956.0,221.26379545279886,58
162409.0,243.68965152524854,58
197136.0,279.119642188691,58
238144.0,308.50880111351694,58
288369.0,374.8572336570559,58
25.0,0.35418147312400383,59
36.0,0.47176014890223344,59
49.0,0.6044209116473824,59
64.0,0.7484541120518994,59
81.0,0.9104582500452751,59
100.0,1.086001215088389,59
121.0,1.2744313014341675,59
144.0,1.4856799657484452,59
196.0,1.9588056544496468,59
225.0,2.2138798153566217,59
289.0,2.75966934456972,59
361.0,3.3525068051764193,59
400.0,3.6792077011833646,59
529.0,4.733569446636858,59
625.0,5.4582421599869395,59
729.0,6.1944645420581255,59
900.0,7.347658079599873,59
1089.0,8.381328159039418,59
1369.0,10.319548881361673,59
1600.0,12.057179527280141,59
1936.0,14.525668079839754,59
2401.0,17.847616602877505,59
2916.0,21.457910289926396,59
3481.0,25.276683138281946,59
4225.0,29.91927249823779,59
5184.0,35.57995743143654,59
6241.0,40.90723582650918,59
7569.0,47.5944899439699,59
9216.0,53.68459864082032,59
11236.0,61.3048905544764,59
13456.0,68.61044967598318,59
16384.0,76.87644992155761,59
19881.0,84.48282700877199,59
24025.0,93.98937558173841,59
28900.0,102.30209910545821,59
35344.0,108.86578804006658,59
42436.0,112.84575075521623,59
51529.0,120.81979826393233,59
62500.0,138.93777085757034,59
75625.0,162.29984107216856,59
91809.0,202.69434679906618,59
110889.0,205.3688981909239,59
133956.0,202.20393953495235,59
162409.0,197.8834312034162,59
197136.0,223.98273267909371,59
238144.0,264.39690050456676,59
288369.0,316.3340839120902,59
25.0,0.40127389021384496,60
36.0,0.5427805190248866,60
49.0,0.7034096573096653,60
64.0,0.8795611890042028,60
81.0,1.0730556591696199,60
100.0,1.2814414815114852,60
121.0,1.495288692389342,60
144.0,1.7252168653741158,60
196.0,2.2241087382779074,60
225.0,2.504839544758028,60
289.0,3.1155079181616085,60
361.0,3.787094175137678,60
400.0,4.132183525258133,60
529.0,5.214371356731252,60
625.0,5.974358825269281,60
729.0,6.7573281960163705,60
900.0,8.108227384954017,60
1089.0,10.627785305012042,60
1369.0,13.029928686764725,60
1600.0,14.96391188844231,60
1936.0,17.600282570672583,60
2401.0,20.955736960560102,60
2916.0,24.37580488087438,60
3481.0,27.912825033979644,60
4225.0,32.14447733009701,60
5184.0,36.84286212466837,60
6241.0,41.326455045301365,60
7569.0,45.7843977893702,60
9216.0,50.55445957325509,60
11236.0,57.500374988836676,60
13456.0,66.04090337811228,60
16384.0,76.39632904489325,60
19881.0,86.8858863237799,60
24025.0,96.67563041872903,60
28900.0,106.3099029809398,60
35344.0,113.83828228388913,60
42436.0,115.31513698994732,60
51529.0,115.78789154390611,60
62500.0,117.06550144373382,60
75625.0,131.05914324729534,60
91809.0,175.62600541613162,60
110889.0,205.2422728876576,60
133956.0,187.18485777726517,60
162409.0,161.57708707961632,60
197136.0,151.8386283285054,60
238144.0,155.7050005184797,60
288369.0,176.0842543494899,60
25.0,0.38778490637366025,61
36.0,0.5206695950251821,61
49.0,0.668279364006538,61
64.0,0.8237593718396349,61
81.0,0.9965761557517515,61
100.0,1.1815518687513347,61
121.0,1.3772022853668318,61
144.0,1.5900167213296155,61
196.0,2.0603822375712872,61
225.0,2.3149980211448407,61
289.0,2.8666494693387152,61
361.0,3.4592018835560414,61
400.0,3.763240542082431,61
529.0,4.733621991675169,61
625.0,5.449749786508091,61
729.0,6.213032673073104,61
900.0,7.412631398462534,61
1089.0,8.415437015498092,61
1369.0,10.106280370736899,61
1600.0,11.558597007650269,61
1936.0,13.668428824404664,61
2401.0,16.586625666606807,61
2916.0,19.785930966552645,61
3481.0,23.049176442899356,61
4225.0,27.025912396322987,61
5184.0,31.99623424580987,61
6241.0,36.72373879831243,61
7569.0,42.59046300090124,61
9216.0,48.72615076592931,61
11236.0,57.24059804118241,61
13456.0,66.23421375658833,61
16384.0,76.44183553119095,61
19881.0,86.3994052931112,61
24025.0,97.7082858677964,61
28900.0,109.37033291222151,61
35344.0,119.70900967152652,61
42436.0,120.7733391676539,61
51529.0,117.28536680936247,61
62500.0,124.27265588619552,61
75625.0,143.19880086240101,61
91809.0,167.2186930568313,61
110889.0,205.6824851151584,61
133956.0,230.4793247696606,61
162409.0,206.78747351870427,61
197136.0,196.1623543103467,61
238144.0,172.72826082695033,61
288369.0,172.52325186794084,61
25.0,0.3785368121780842,62
36.0,0.519058454048777,62
49.0,0.6838122886004021,62
64.0,0.8664173464966275,62
81.0,1.0725744284627994,62
100.0,1.2958434227368802,62
121.0,1.526003355745859,62
144.0,1.7702046464782903,62
196.0,2.3080063618701216,62
225.0,2.589101282787712,62
289.0,3.2013569891969267,62
361.0,3.8550117922500093,62
400.0,4.198105111575987,62
529.0,5.3106152742042845,62
625.0,6.125977883333672,62
729.0,7.027461433664296,62
900.0,8.44749282882116,62
1089.0,9.063347680419136,62
1369.0,10.82622673205813,62
1600.0,12.097614470807995,62
1936.0,13.903959329915354,62
2401.0,16.441854210494352,62
2916.0,19.280075877400833,62
3481.0,22.423638609221385,62
4225.0,26.40469006473541,62
5184.0,31.37141847711851,62
6241.0,36.61070712963243,62
7569.0,44.84427529575147,62
9216.0,52.48842995777153,62
11236.0,62.959561281446575,62
13456.0,74.15524649289186,62
16384.0,86.66602938997684,62
19881.0,98.36062677702887,62
24025.0,110.36111113834758,62
28900.0,121.60807369811467,62
35344.0,131.19425440990284,62
42436.0,138.6252603082052,62
51529.0,146.74053666134813,62
62500.0,159.60143334566138,62
75625.0,179.23673440191936,62
91809.0,215.2585996609631,62
110889.0,263.98783663911047,62
133956.0,304.3139990098359,62
162409.0,314.4371938200519,62
197136.0,299.57651650834185,62
238144.0,299.7514750761923,62
288369.0,379.5856946563363,62
25.0,0.39488676599061645,63
36.0,0.5305818361211075,63
49.0,0.6755387655893021,63
64.0,0.8326971207626886,63
81.0,1.004858000590596,63
100.0,1.187395264951746,63
121.0,1.3834401536498149,63
144.0,1.6003200382688123,63
196.0,2.090024539038003,63
225.0,2.3514625659450172,63
289.0,2.9027345676509433,63
361.0,3.5012743672582896,63
400.0,3.814105407664826,63
529.0,4.833478485861763,63
625.0,5.605069223192934,63
729.0,6.457805579407339,63
900.0,7.899548147963983,63
1089.0,9.330742404220272,63
1369.0,11.595799548474556,63
1600.0,13.332177430257877,63
1936.0,15.711328076155429,63
2401.0,18.832258404685366,63
2916.0,21.856912702568053,63
3481.0,24.953114404203042,63
4225.0,28.653241516826796,63
5184.0,32.99695411044275,63
6241.0,38.27530023292012,63
7569.0,43.438667099377575,63
9216.0,51.474270454718486,63
11236.0,60.717228978680126,63
13456.0,70.1752597671171,63
16384.0,81.38468299002997,63
19881.0,93.35441107251893,63
24025.0,106.69523369384305,63
28900.0,120.75132646038908,63
35344.0,133.56252548825728,63
42436.0,145.34225889729998,63
51529.0,157.664433069636,63
62500.0,163.2884857803485,63
75625.0,175.13193608522596,63
91809.0,176.3134793794179,63
110889.0,203.87536976833985,63
133956.0,227.8719386269071,63
162409.0,265.8638757198311,63
197136.0,276.76585229318994,63
238144.0,263.0298530511307,63
288369.0,267.802539778412,63
25.0,0.35234224675402204,64
36.0,0.4731737742107658,64
49.0,0.6083792490731692,64
64.0,0.7542517174550233,64
81.0,0.9126510089987987,64
100.0,1.0774446650729181,64
121.0,1.251039483376207,64
144.0,1.4397235090304272,64
196.0,1.8385172754677686,64
225.0,2.0446461308413104,64
289.0,2.4866218965735873,64
361.0,2.9551374547936873,64
400.0,3.194274436951332,64
529.0,3.9644968888032244,64
625.0,4.528233011317852,64
729.0,5.163120606620521,64
900.0,6.237860305931043,64
1089.0,7.520695869489731,64
1369.0,9.19018006993759,64
1600.0,10.752534700061542,64
1936.0,13.0298107713175,64
2401.0,16.310805436833085,64
2916.0,19.83443252164717,64
3481.0,23.555905925323984,64
4225.0,28.400447044929948,64
5184.0,34.41363793620223,64
6241.0,40.53051873339673,64
7569.0,48.063916449076814,64
9216.0,57.915768440320264,64
11236.0,69.38059262848239,64
13456.0,80.81648096564531,64
16384.0,94.10326634343922,64
19881.0,107.62758323746262,64
24025.0,119.91543607894789,64
28900.0,131.7823410610512,64
35344.0,143.32560907643568,64
42436.0,154.31340588664506,64
51529.0,162.46274843043108,64
62500.0,169.97736071792264,64
75625.0,184.1682852851787,64
91809.0,203.5002195950945,64
110889.0,236.20591415371223,64
133956.0,249.22512035501396,64
162409.0,247.2544042733334,64
197136.0,236.75245720847747,64
238144.0,225.3817315719481,64
288369.0,236.84983560554852,64
25.0,0.3363687005915074,65
36.0,0.4476852896608718,65
49.0,0.5783102822716194,65
64.0,0.7187898389843977,65
81.0,0.8729451568969397,65
100.0,1.0375158849158508,65
121.0,1.2134309876656248,65
144.0,1.398502074459813,65
196.0,1.8041942655796126,65
225.0,2.0379731145051623,65
289.0,2.5564697029627177,65
361.0,3.127149946161879,65
400.0,3.4309589690532203,65
529.0,4.466022020099684,65
625.0,5.246938044181004,65
729.0,6.043624262659113,65
900.0,7.321723262059794,65
1089.0,9.192762437581557,65
1369.0,11.3947072038189,65
1600.0,13.17509496636441,65
1936.0,15.641806111263513,65
2401.0,18.923167701538528,65
2916.0,22.20461825879187,65
3481.0,25.52969634528321,65
4225.0,29.59557840003781,65
5184.0,34.81283959150334,65
6241.0,40.59551169883903,65
7569.0,49.00375466253393,65
9216.0,57.9293317919641,65
11236.0,67.06260369566331,65
13456.0,75.16710571947941,65
16384.0,84.011759035653,65
19881.0,93.68837919999211,65
24025.0,105.50287369945723,65
28900.0,121.76694807259867,65
35344.0,145.2486692164142,65
42436.0,167.6553851275192,65
51529.0,192.51687313411995,65
62500.0,216.99891665371683,65
75625.0,241.6488929663803,65
91809.0,256.6335311799113,65
110889.0,283.8414162724387,65
133956.0,313.98745500400446,65
162409.0,321.67882614439884,65
197136.0,356.58178144026266,65
238144.0,437.7085429049221,65
288369.0,504.5414230267887,65
25.0,0.3976787316788869,66
36.0,0.5366185395206783,66
49.0,0.694249218488849,66
64.0,0.8684179522412913,66
81.0,1.0568497342416088,66
100.0,1.2576828139091385,66
121.0,1.4663152781028603,66
144.0,1.6843833562805335,66
196.0,2.1530384949696737,66
225.0,2.4041098772060034,66
289.0,2.9452774470263976,66
361.0,3.5247931703623663,66
400.0,3.8258296091917883,66
529.0,4.80202101078238,66
625.0,5.487610941354714,66
729.0,6.184506355556637,66
900.0,7.236186243240492,66
1089.0,8.380634242231087,66
1369.0,9.775901729262806,66
1600.0,10.790530396165373,66
1936.0,12.275615704496088,66
2401.0,14.404123471012293,66
2916.0,16.781360029137137,66
3481.0,19.32191120643732,66
4225.0,22.80174692956042,66
5184.0,27.573081838200725,66
6241.0,32.707536476213534,66
7569.0,39.734953814544205,66
9216.0,46.80645313238944,66
11236.0,54.15614772973778,66
13456.0,61.21594229225534,66
16384.0,69.0574259722924,66
19881.0,74.14672776268637,66
24025.0,78.59096685581355,66
28900.0,84.9116237520859,66
35344.0,97.83089369997435,66
42436.0,118.28996003959062,66
51529.0,145.36016176512385,66
62500.0,175.08962235811705,66
75625.0,199.76211073279038,66
91809.0,222.5529304823563,66
110889.0,232.80076024265506,66
133956.0,235.02165062310723,66
162409.0,238.10705045787108,66
197136.0,265.31121568709216,66
238144.0,329.51861739097745,66
288369.0,354.24898515971216,66
25.0,0.368336540527345,67
36.0,0.4945391418632054,67
49.0,0.6371530802594597,67
64.0,0.7931103427664312,67
81.0,0.9569228594542096,67
100.0,1.1324884268030277,67
121.0,1.315953187692019,67
144.0,1.5087188500203819,67
196.0,1.9300688539920041,67
225.0,2.1525947314917104,67
289.0,2.6143623943311427,67
361.0,3.100184193055361,67
400.0,3.3562246954096584,67
529.0,4.186295264663603,67
625.0,4.804884653247585,67
729.0,5.5154724087283595,67
900.0,6.64750485945116,67
1089.0,7.317586501708875,67
1369.0,8.609694285081126,67
1600.0,9.651235108453005,67
1936.0,11.022964306004274,67
2401.0,13.082366698422579,67
2916.0,15.3814554648253,67
3481.0,17.811628706245592,67
4225.0,20.806692843806964,67
5184.0,24.342690899057445,67
6241.0,28.11780934123476,67
7569.0,32.88387650179527,67
9216.0,38.57396938077084,67
11236.0,45.65946441874719,67
13456.0,54.48537363230414,67
16384.0,65.94686158166618,67
19881.0,77.14950902954398,67
24025.0,88.38279338613901,67
28900.0,99.96951501882397,67
35344.0,110.92450928200567,67
42436.0,120.3384515941332,67
51529.0,133.1014181160828,67
62500.0,150.77734678814764,67
75625.0,177.41324059251122,67
91809.0,217.84372936628367,67
110889.0,242.11220202893284,67
133956.0,253.44431084272674,67
162409.0,257.9997707643327,67
197136.0,281.3661627379295,67
238144.0,338.863074796759,67
288369.0,389.53341901088055,67
25.0,0.37151161824456846,68
36.0,0.494593746689975,68
49.0,0.6310731593353965,68
64.0,0.7835842220784849,68
81.0,0.9489747916200597,68
100.0,1.1295883861915883,68
121.0,1.3236812454961597,68
144.0,1.5293561052986562,68
196.0,1.9861274120187826,68
225.0,2.225437429169922,68
289.0,2.7519357537789406,68
361.0,3.325731765151085,68
400.0,3.64249650773156,68
529.0,4.710480694390657,68
625.0,5.5044326423975845,68
729.0,6.3284024024729595,68
900.0,7.719725376182937,68
1089.0,9.858445634796304,68
1369.0,12.081487720961245,68
1600.0,13.764765010863725,68
1936.0,15.977626370774933,68
2401.0,18.82178020810661,68
2916.0,21.60555160160228,68
3481.0,24.53034283212142,68
4225.0,28.33821488334444,68
5184.0,33.14976471420069,68
6241.0,37.900743309981664,68
7569.0,44.09368972048314,68
9216.0,51.6426333705647,68
11236.0,60.391623835004566,68
13456.0,69.78626956011568,68
16384.0,82.26761577002362,68
19881.0,94.7939751546565,68
24025.0,108.63013221234334,68
28900.0,122.29220814993099,68
35344.0,133.89137696457226,68
42436.0,141.64758486546071,68
51529.0,155.9074081119041,68
62500.0,173.20509702478438,68
75625.0,191.46298315269823,68
91809.0,228.0458748390672,68
110889.0,255.40613569441453,68
133956.0,250.3687915099022,68
162409.0,265.7574778052494,68
197136.0,285.51406430451584,68
238144.0,314.56531802934313,68
288369.0,365.6793614538594,68
25.0,0.3958430828601159,69
36.0,0.5380637390671962,69
49.0,0.6981574231610593,69
64.0,0.8676645672912069,69
81.0,1.0542907642147423,69
100.0,1.2576858563065416,69
121.0,1.4724704407953348,69
144.0,1.70062584580533,69
196.0,2.197492014181615,69
225.0,2.457688598534643,69
289.0,3.0281152740719004,69
361.0,3.6587194266898613,69
400.0,3.970197825454142,69
529.0,4.95379918155837,69
625.0,5.682913861970743,69
729.0,6.484038702808506,69
900.0,7.797753185832585,69
1089.0,9.016585269343167,69
1369.0,10.990570255429972,69
1600.0,12.612661380725855,69
1936.0,14.973125138377698,69
2401.0,18.117395630630398,69
2916.0,21.33783778772792,69
3481.0,24.578107851974195,69
4225.0,28.369456833825083,69
5184.0,33.21496310442887,69
6241.0,38.54659860383792,69
7569.0,44.96958406924039,69
9216.0,53.27911535910764,69
11236.0,63.75875688245979,69
13456.0,74.47796048862044,69
16384.0,86.01097687467309,69
19881.0,98.4385422832362,69
24025.0,110.40129070818963,69
28900.0,121.78269043683524,69
35344.0,134.16804643031733,69
42436.0,144.97255187210914,69
51529.0,153.71445648991516,69
62500.0,175.50032560452505,69
75625.0,201.07868196772176,69
91809.0,248.82442838525978,69
110889.0,244.13759233002295,69
133956.0,268.837313866868,69
162409.0,301.2065071777268,69
197136.0,346.31030849560943,69
238144.0,401.2210203700911,69
288369.0,498.8021938767194,69
25.0,0.40265975010286975,70
36.0,0.552727148649621,70
49.0,0.7249278920693673,70
64.0,0.9149742880247828,70
81.0,1.1333901663678296,70
100.0,1.3764795241947532,70
121.0,1.63045282460203,70
144.0,1.8998367150797992,70
196.0,2.5039519147518114,70
225.0,2.836452547667288,70
289.0,3.5379602471200253,70
361.0,4.296181956383735,70
400.0,4.690024713741945,70
529.0,5.973273512837391,70
625.0,6.92118336981919,70
729.0,7.9367411656933005,70
900.0,9.659480713933597,70
1089.0,10.99166370704215,70
1369.0,13.601854135261364,70
1600.0,15.795330487900817,70
1936.0,18.779846761165818,70
2401.0,22.801803682328906,70
2916.0,26.95632106719641,70
3481.0,31.14332571483242,70
4225.0,36.03622714501298,70
5184.0,41.60958288644039,70
6241.0,47.25386124584258,70
7569.0,57.24818414313946,70
9216.0,65.23165233353188,70
11236.0,72.97491372566995,70
13456.0,79.80241583944738,70
16384.0,88.18477321442361,70
19881.0,97.57760741281707,70
24025.0,104.92852026840328,70
28900.0,110.49806137925836,70
35344.0,118.79937286969009,70
42436.0,123.98036589055553,70
51529.0,126.16298721476463,70
62500.0,133.70181204710013,70
75625.0,150.19002947783514,70
91809.0,186.22202041726507,70
110889.0,221.47495524940203,70
133956.0,236.11313615314336,70
162409.0,235.02760937370158,70
197136.0,221.53311426069908,70
238144.0,197.3496842901078,70
288369.0,223.54274178248295,70
25.0,0.39534892827361195,71
36.0,0.5359727859808529,71
49.0,0.6954736507011324,71
64.0,0.8676646350982026,71
81.0,1.054122251030409,71
100.0,1.2545545401602745,71
121.0,1.4669375818482364,71
144.0,1.6894528232665438,71
196.0,2.1496319663839434,71
225.0,2.390363692457614,71
289.0,2.9142852586025114,71
361.0,3.4881237172771757,71
400.0,3.777211637111078,71
529.0,4.720733164925688,71
625.0,5.446274231333766,71
729.0,6.214029331555666,71
900.0,7.558783392161632,71
1089.0,8.962630145961638,71
1369.0,11.113060946392938,71
1600.0,12.845061300810146,71
1936.0,15.237555535824862,71
2401.0,18.387038166800355,71
2916.0,21.93933639238227,71
3481.0,25.489760182373374,71
4225.0,30.149433923139622,71
5184.0,35.723377696561144,71
6241.0,41.534944830740514,71
7569.0,49.11845959265133,71
9216.0,56.89566971225927,71
11236.0,64.93373122950155,71
13456.0,72.49526565075283,71
16384.0,82.5252378467573,71
19881.0,95.33807253889685,71
24025.0,110.22844604745303,71
28900.0,126.33521752537808,71
35344.0,141.99138763050453,71
42436.0,155.58037982520415,71
51529.0,168.95781700344946,71
62500.0,184.54115473235527,71
75625.0,197.98409446038738,71
91809.0,228.0637454530694,71
110889.0,276.4428175074365,71
133956.0,291.7931495737509,71
162409.0,303.7073518243252,71
197136.0,347.1845434343273,71
238144.0,366.706056551255,71
288369.0,355.46199258985934,71
